force_x_mean,force_x_std,force_x_rms,force_x_max,force_y_mean,force_y_std,force_y_rms,force_y_max,force_z_mean,force_z_std,force_z_rms,force_z_max,vib_x_mean,vib_x_std,vib_x_rms,vib_x_max,vib_y_mean,vib_y_std,vib_y_rms,vib_y_max,vib_z_mean,vib_z_std,vib_z_rms,vib_z_max,ae_rms_mean,ae_rms_std,ae_rms_rms,ae_rms_max,wear_level,rul
-0.9195482656088797,-1.6910996196552723,-1.6911346076964056,-1.6823889281277034,0.5113400451401275,-1.7593040703131404,-1.7590540493404843,-1.880854221216887,0.36885355454346164,-1.76493536829809,-1.7650276503059406,-1.8665101451558401,-0.34844162735692263,-1.6658948539055447,-1.6661749884586528,-1.763550280921692,-0.8816550077989322,-1.6740402640877468,-1.6745949620217742,-1.6213912823862346,-0.574988366453078,-1.6248777790867721,-1.6250675750289574,-1.7107461878226184,-1.6610847115244733,-1.2699219168671088,-1.6592926940998354,-1.7266390832434921,0,300.8355904015843
1.3620856782741824,-1.7222034970471227,-1.722047680950059,-1.6332162920320326,0.8165407589093924,-1.7278082421740104,-1.7272999325702445,-1.4737237885396004,0.5161791783071658,-1.7008417339371777,-1.7009117026705958,-1.6216189331198259,-0.2791762365800849,-1.7732086817633117,-1.7735070909353468,-1.7764541494590007,1.7698054673511745,-1.7350040288393664,-1.7318331187012066,-1.6531371339411776,0.3178357883403044,-1.6810179166965755,-1.6813208720892254,-1.547180122222193,-1.6807570168273576,-0.996727805170707,-1.6775622735580504,-1.8112158460494237,0,295.1432996177477
-0.8346184050683694,-1.5733738768165428,-1.573424451473687,-1.567060801327884,0.06715761743261262,-1.707889668977161,-1.7079470984758345,-1.52092250968991,-0.6131211491197733,-1.7005478766527335,-1.7006367174303292,-1.700365436738653,0.31830079890450463,-1.6908111865918483,-1.6910603114581841,-1.680607705072043,-0.5990855562928613,-1.6814537780780703,-1.6820197374125068,-1.9112723928144237,0.7271642839944915,-1.6080585164906598,-1.6082093903122323,-1.4918855005734182,-1.6779930088916324,-1.1804563975380946,-1.675565154207788,-1.665530057359787,0,302.08341564288247
1.089015036076929,-1.7823693993468197,-1.7823008411478318,-1.608371488150261,-0.529024651056065,-1.7294896274349143,-1.7298052111496822,-1.5486361007258014,-1.3889233196277488,-1.638855087179674,-1.638757639554192,-1.6254105137613253,-1.2465325505525755,-1.7086840757738102,-1.7084687382644819,-1.7983313956359608,0.9750282077831403,-1.6963749179354597,-1.6952715966801213,-1.6663722499610478,0.5164500530903444,-1.6625236004903183,-1.662766821345647,-1.5284178731362015,-1.664862102251419,1.7227031921830391,-1.650506957496177,-1.6795990165169215,0,300.09063491708287
1.167326370627699,-1.6548779551739456,-1.6547886792778073,-1.792505378929409,-2.525769634472444,-1.593873681987797,-1.5938470674443384,-1.533902500011038,-0.05937672666845422,-1.6242574102323057,-1.6243797210806796,-1.3588459331429699,-0.7968364183183899,-1.6431563298760474,-1.6432733948444633,-1.6499121572549498,-1.6111837063779775,-1.662374005503801,-1.6624747775436364,-1.7458447155377415,-1.580574308591108,-1.6304754812197326,-1.6298187211526163,-1.7168795402127894,-1.6587035848402378,-0.48506851559542163,-1.653898669495563,-1.7806423915239797,0,294.16962612963954
0.12590643202039722,-1.6732931378861169,-1.6733952016000626,-1.47019577088442,-0.32852800379070546,-1.560207241124906,-1.560461229484692,-1.2217763877927441,-1.5627775302389308,-1.6207537089396895,-1.6205929639408685,-1.9225932559935532,0.46875373546757054,-1.6165413803601465,-1.6167378077097725,-1.4632885433917275,0.1470878411996684,-1.6005587441542422,-1.6007216842093204,-1.3811073340847753,0.4288477628666774,-1.6008016426717477,-1.6010726595217062,-1.4617021855561927,-1.6589141323285028,-0.07205987080486552,-1.6524382497091803,-1.623492835297154,0,295.59886064126937
-1.5030701849554617,-1.5679455287783421,-1.567832994344716,-1.719566034942713,0.4061729134887296,-1.643352552631606,-1.643194600091166,-1.7282156297026028,-1.524882000737096,-1.611632047064366,-1.6114861924208308,-1.2299467824985557,-2.4210212021128696,-1.6108897191299183,-1.6092379974976079,-1.5587780760664827,0.4704649022123826,-1.64659561402385,-1.6463739625687963,-1.5361737062881784,1.0278084023619576,-1.6349406107308309,-1.6348977324390674,-1.5871574309625454,-1.622263291510492,0.10297875419577553,-1.6158113063669648,-1.5920689669716173,0,297.045993556198
0.1535809680848386,-1.630744399464641,-1.630844550126862,-1.700789087321305,-1.4678285938048918,-1.5954689797750357,-1.595856020405279,-1.1490288631277155,-0.5275249939901752,-1.5860865701479439,-1.5861856398663912,-1.3056109781722471,-0.6876048004049728,-1.5565010997336837,-1.5566736868502873,-1.6966315572405641,-1.5151095327848696,-1.5875922166390795,-1.5878014596640375,-1.5420842183922256,0.7414260788188659,-1.564418834011262,-1.5645648675456156,-1.7953133934994492,-1.60743849329779,1.0871334378160258,-1.5972532704606572,-1.5540902378980384,0,287.7015957615684
0.1644375048854589,-1.6002017216662965,-1.600301029280955,-1.535377034534511,0.2215920106193551,-1.6237629177810489,-1.6237328785383716,-1.7207936357539968,-0.4717561927620044,-1.5655998834441953,-1.5657046524880016,-1.3274886981011298,-1.6596014102220542,-1.5109004151616556,-1.5103690235803207,-1.404533822162083,0.9072811459370003,-1.567040200724317,-1.5662019638529228,-1.5636812032113188,0.42507795150303285,-1.5349631328689806,-1.535232892316845,-1.2351587187537356,-1.5548174836139963,0.6267338542104223,-1.5475663928045347,-1.667460241090546,0,291.09182510022066
-0.5932332866831318,-1.6683544320289199,-1.668438330524841,-0.9917045110484539,0.4462634882379409,-1.589538515620991,-1.589356556328162,-1.4023619612786384,-0.09670514041841291,-1.5412912411507416,-1.5414132263268936,-1.4664119466234282,0.3121478331731557,-1.5982189308868089,-1.5984674500565932,-1.4418754557318323,0.835913019081372,-1.6438207446114093,-1.643035197544386,-1.6821462229378252,0.5544200362257978,-1.579141668389875,-1.5793702537656338,-1.2115877114635525,-1.5941231347324256,-1.7929809891320676,-1.5952373080731288,-1.654062231051294,0,279.03523688623085
0.75805177488739,-1.4621184227002237,-1.4621365341385208,-1.5148223134219274,0.3075836611648337,-1.4955538142200222,-1.495478308331888,-1.629439742825493,-0.8900879900628659,-1.488387681954443,-1.4884291769806943,-1.0696278744179821,-0.28773247299729404,-1.5279764831681433,-1.528259347974898,-1.72917830347693,-0.3023535058694457,-1.5869527630778422,-1.587427189023388,-1.490239032687709,0.14625114394389094,-1.4909884133632025,-1.491304184433139,-1.6098808694873694,-1.571383882977307,-0.8715161197199742,-1.5695327149121698,-1.6184272357430902,0,283.3920772981362
0.07228716688601966,-1.5659426307058706,-1.566047125588088,-1.6915262086874752,-0.16547959884725294,-1.4371206816958857,-1.4373126787889972,-1.3245766781159836,-1.107718976614379,-1.5706337859276578,-1.5706233742003852,-1.5073797099518866,0.5298256347576993,-1.5332335899244247,-1.5334068485914123,-1.4646339988379042,0.0794691286838262,-1.5623749366738793,-1.5626048643987744,-1.5807942601867682,-0.7439977795549244,-1.49312483862476,-1.4932370252342548,-1.680419880203171,-1.581097467389519,0.3818020869553625,-1.5743226824859409,-1.646124386516765,0,275.49546004055543
-0.12171436463625351,-1.534690732808596,-1.5347997456125837,-1.454440716034557,-1.2320803602030694,-1.5045965522639326,-1.5050068485721018,-1.706725572560711,-0.3275012549985009,-1.5136281216958978,-1.513743662342324,-1.7859030955932904,0.5856640573694859,-1.4980760242380344,-1.4982265641179968,-1.4336280951308003,-1.1187445146786545,-1.540832036131024,-1.5413030216824128,-1.4634471414247818,-0.7130401286879409,-1.5193898152694265,-1.5195166383409735,-1.6640536721165449,-1.4578367770014533,0.8667977827185576,-1.451333964041557,-1.4993175717483487,0,286.4090924949271
-0.6742367585227391,-1.4954383970678975,-1.495512547604735,-1.7943016003929253,-1.1429763292572563,-1.4393614057411728,-1.4397743386582422,-0.9836058638631354,-0.26904937010182123,-1.5434675883439843,-1.5435862548524766,-1.5897989276393762,1.3306403998263245,-1.525589221785046,-1.5252218361804382,-1.3284199771055105,-0.05936999907072764,-1.4754525506424423,-1.4757944058364203,-1.2995612102790193,-0.39115924777848515,-1.5158882050910314,-1.5161467795517618,-1.654697363330386,-1.512473503054087,-2.1485927206159294,-1.5157251826568223,-1.6016845221544336,0,280.5385432574112
0.5517435462666227,-1.51071941982193,-1.5107746851634958,-1.4741950628520624,0.3258584694792807,-1.4878104949992932,-1.4877233979151925,-1.1286468999102814,-1.430266278141504,-1.4829833644318637,-1.482875673068732,-1.3266768408108656,1.165341520061542,-1.4534857459040709,-1.453285535548962,-1.4036889776131805,0.16341948228519684,-1.4730349280341102,-1.4732066811613682,-1.3836108453135199,1.9508928917151542,-1.441362086756625,-1.4404659215236169,-1.1884954439484885,-1.4908828450238525,-0.42808266249749793,-1.4885921263785697,-1.2981278774897105,0,283.24708734858154
-0.25245204737900445,-1.4216968912748262,-1.4218035570199157,-1.3447934974963436,1.5336733162038862,-1.4578851046633723,-1.4566571333114011,-1.6855148261880528,0.17719892085889644,-1.5427424713487694,-1.5428535502069203,-1.6602780986182104,0.8548890686739139,-1.4516774785667563,-1.4516925991499166,-1.4915786470114931,-0.8928820387498401,-1.4693071156331898,-1.4698431775475849,-1.3367603415327642,0.47223546142464096,-1.4710416947968734,-1.4712958042969237,-1.3152835618353305,-1.4453700218224614,0.04605011323487498,-1.442026875607935,-1.5024149270931182,0,273.0912679961999
0.09715212119245113,-1.4375125607269443,-1.4376152890426637,-1.2876973316277154,-1.0713257206660325,-1.5277077216026231,-1.5281174925527714,-1.7390522122907581,1.155346871465424,-1.3954332423622624,-1.3953462792949054,-1.2140817458860667,-0.3066567467760337,-1.474784543446699,-1.4750615340997815,-1.4225751477646023,1.3198508832971831,-1.4456747962163656,-1.444197517348506,-1.4902750435896177,-0.6908731073518041,-1.4380084958133208,-1.4381505129179877,-1.5047798431999382,-1.4220401686577737,-0.03914513683840901,-1.4193016332456487,-1.402626227608029,0,276.8718141820627
-2.2243375269463765,-1.3505989649192012,-1.350207161435361,-1.2651583303591176,1.2109424665453237,-1.467254767162112,-1.46639542417368,-1.3470901206863202,-1.2505342437734541,-1.4124122585163306,-1.4123639583047964,-1.3316563778632462,-0.6082495283028425,-1.4424106974347088,-1.4426136062340555,-1.4765774716860045,0.5132141368928859,-1.3727631930476667,-1.372605537232931,-1.432262106935358,0.9497043164688075,-1.4650932095574154,-1.4651304695006848,-1.4799887013546271,-1.403715686373245,-0.14572423806556872,-1.4015694063333062,-1.4494700494533583,0,275.85252652048086
0.2020106787309079,-1.3394986327855742,-1.3395943564418311,-1.3043530667862404,-1.4092339622063292,-1.4366113923583395,-1.4370095040128474,-1.7028696896242466,0.8201959433805092,-1.4204930582909336,-1.4205013957106192,-1.3202227383552225,0.7638007900353843,-1.3988741869473753,-1.3989448497887593,-1.3044812103708998,-0.671699826785708,-1.44874434315568,-1.4492949534739799,-1.4363444944151866,1.1295232802953323,-1.487394574676431,-1.4873060841886248,-1.4955036751103987,-1.401753530516611,-2.394112888819317,-1.4067199001235908,-1.4303719355700713,0,274.40730039944145
0.016330642125896095,-1.4194667459889043,-1.4195728181164091,-1.4146341432226663,1.1637447868883792,-1.4412351837102437,-1.440430988176782,-1.5740612061426336,-0.105943780622458,-1.3835571841693497,-1.3836779623786015,-1.2878927638579722,0.681007171698898,-1.4513720739555795,-1.4514807924098636,-1.3854330585894346,1.2698732417785092,-1.346881176075736,-1.3456125058879702,-1.2967164243296248,-0.05537173031411622,-1.4799884104776875,-1.4803047579797006,-1.509396803997101,-1.4330396831205303,-0.058427596785624925,-1.4302260646140317,-1.523982441680768,0,269.6741968376241
0.4055452463906332,-1.4638928150629806,-1.4639686656075759,-1.3656782111195511,0.8162746680058458,-1.357429401674399,-1.3569745368723782,-1.3472071332854798,-0.28158208967703297,-1.3813551844529195,-1.3814721314543092,-1.5575316972826256,0.45135017706159597,-1.3408396452751696,-1.341040970055823,-1.372136488297191,0.09310730029203919,-1.4345732750936069,-1.4348087714034299,-1.3177034162492771,-1.0640919412402434,-1.3742362700795816,-1.3741649829822329,-1.2718735921762077,-1.3620196649061118,0.4109262929656447,-1.3584898371354224,-1.3422516713188464,0,279.3790454642382
-2.0904235724119693,-1.333089950808292,-1.3327609166635028,-1.64696866365152,0.7624951307448798,-1.2821372071692023,-1.2817389497832734,-1.008758461482818,0.23010991607414955,-1.3499421458437633,-1.3500477512508802,-1.621296944946601,0.7609343406057434,-1.4122902567141986,-1.4123614164479679,-1.4072480841178587,0.12799702945824312,-1.32704796127876,-1.3272682221008887,-1.2872631923391191,-0.26786561107235174,-1.2870566959984366,-1.2873336895323269,-1.0829855610539667,-1.3510250953369591,-0.8370761636305026,-1.3516997674083886,-1.4836323395747903,0,271.4574412853546
1.4422509888493278,-1.3179352358516296,-1.3177642402542973,-1.5253901517739796,-1.3100157784629551,-1.304507114114725,-1.3049171028649715,-1.5343230898515496,-0.8408362724225593,-1.314884541270891,-1.3149362488857175,-1.351906774197876,-0.1091273867677972,-1.3660495406900814,-1.3663353888104877,-1.1779961975055337,-0.29156369944854865,-1.3717962944106488,-1.3722587918035762,-1.2187678174282,-1.9742075487833717,-1.333208696133412,-1.3322720309330331,-1.3567501557270571,-1.3599359896507606,-0.5974847179872859,-1.3597637859533074,-1.4053065975583903,0,260.1498681181189
0.45853369836592917,-1.2685586270461588,-1.268627707992214,-1.2533634904157125,-0.7285882163409595,-1.4626497301189811,-1.4630212962382143,-1.8119743918293854,0.6189402237814083,-1.3498537254524405,-1.3499057306092246,-1.4664463656453175,0.5330293235269391,-1.3588871437320234,-1.3590608979604466,-1.3497751613131206,-0.41657111582990836,-1.303360830457283,-1.3038602573272513,-1.4979002163282644,0.3198350608484574,-1.323032240693482,-1.3233147248588262,-1.3312534217709073,-1.3181800376752708,-0.6199942627592284,-1.3184831024689931,-1.5150129715087934,0,265.627056846608
0.4527844523760037,-1.1974343932392162,-1.197504236216128,-0.5146450154260228,0.21638429951398985,-1.3111381225974001,-1.311135754954469,-1.2237132787835876,0.6361474069603941,-1.3596459348195724,-1.359694640662826,-1.3933583663318663,0.21688337796889554,-1.293100308371934,-1.2933562421108533,-1.262518484928828,-0.4447594627190856,-1.2628945730372187,-1.2633980364099036,-1.4314076019206239,-2.4594338701805256,-1.3422396558125664,-1.3384661661853836,-1.0314628778496144,-1.3445061290661455,0.2251509736019151,-1.34181120783344,-1.458512341291973,0,269.33216737532587
-0.3792756459598875,-1.2903573482254131,-1.2904580084171073,-1.220116391115268,-0.8137847366105931,-1.2520394807094697,-1.2524305333725496,-0.7709583732363182,0.29242627286263306,-1.3292862721052232,-1.3293858129187426,-1.1350468269576601,0.5327791714288533,-1.2866407904493162,-1.2868145010864374,-1.1319004821819507,-0.8858728756771824,-1.269345960385807,-1.269866579802434,-1.5074219554988342,-0.3507578140097904,-1.2910071532796499,-1.2912672106464733,-1.4014726306551242,-1.2926707002589584,1.3883343629696492,-1.2866575597306038,-1.1792083187549942,0,263.41517242496843
1.4023412672845994,-1.312669915111778,-1.3125130857231293,-1.4144818398270016,-0.10387382068767849,-1.2550794781987298,-1.2552525613754173,-1.1011450259620708,0.4737874790914483,-1.2597587050730084,-1.2598351485648032,-1.1607373859912953,-1.4797230603167084,-1.295294163705914,-1.2950115248922074,-1.3610443961993302,-1.233837010964398,-1.2363780183924487,-1.236789834857565,-1.273505826185527,1.2931528106302626,-1.267258050588928,-1.2670926004082066,-1.4130991077772288,-1.2595397587436128,-1.3932752167149085,-1.2626201062828593,-1.1347671228913814,0,260.9375964725703
-1.1547804557088588,-1.2609674850790844,-1.260956606532201,-1.0538369431648038,-0.389210065801157,-1.3083111846444864,-1.3085967085267778,-1.3485152992911642,0.2765972099056912,-1.176694036549618,-1.1767944115734805,-1.242735396713699,-1.8191077761126584,-1.2467805914722152,-1.2462136339461272,-1.3549852192891565,-0.6017687512311408,-1.2439402567274387,-1.2444675457050163,-1.3565120242755706,0.16433908722171134,-1.2326508379645675,-1.2329464551403817,-1.029117312489998,-1.2679882009396994,-1.8676860082793294,-1.2723524500674999,-1.298685194798165,0,263.5992205927995
-0.8117341269379251,-1.2755034153415685,-1.2755584577835861,-1.4350116199105778,-0.8091176836207993,-1.2089022651924621,-1.209293573295239,-1.348686888107307,0.7564211885315109,-1.2756302919753597,-1.2756544727041308,-1.3941179699785946,1.9459334528890115,-1.1906276547266392,-1.1897956124838656,-1.257418603600522,-0.04606379854002051,-1.2505228842309148,-1.2508643139217903,-1.1810059527956212,0.27651771464626973,-1.2821990492609714,-1.282485860505942,-1.2639416894123858,-1.2336109377453477,0.28496970491966717,-1.23187565155681,-1.2919927971562293,0,251.56849557239025
1.249977530596516,-1.2256440264513218,-1.2255393784128894,-1.1600398016995463,-0.2949670909380754,-1.1472522485888197,-1.147510258091271,-0.81835915070327,0.9230994383235835,-1.2054123705398536,-1.2053969797998367,-1.2514874204604702,1.5986019077525406,-1.2159567528215147,-1.2154620028928844,-1.087929122953202,-0.2998821624864595,-1.2086563239995762,-1.2091142306567346,-1.093459958724947,0.12801319958604218,-1.2413336592343787,-1.2416322560616908,-1.3172459006538548,-1.2234423425531031,-0.692090776463513,-1.2247503965984632,-1.3087712387515114,0,253.14720004403665
0.4513653448260724,-1.229173106514325,-1.2292431307641456,-1.038992095569911,-2.6529387305791867,-1.1577112915556402,-1.157551688509374,-1.3228142663924891,-0.6346520023025384,-1.2025157150464472,-1.2026003291044163,-1.0720688266717069,-1.0436714712321278,-1.1873855685186845,-1.1874083100543456,-1.2771193870182378,0.7338276263718085,-1.130788369064912,-1.1304622157877748,-1.1342205515840913,-0.6160619342190082,-1.1866018086830799,-1.1867788531016463,-1.0180806075336366,-1.1773435042661544,-0.7973761412952766,-1.179276554653786,-1.1444345303847185,0,253.50179406278096
0.41434740856142205,-1.2370868785061826,-1.2371615474906923,-1.4208773209122925,0.48449254943292,-1.1548353932001858,-1.1546687548792782,-0.9226860769461487,-1.5476439236431898,-1.2113184804547665,-1.2111766513785551,-1.1738572115384156,-0.7646001465278132,-1.2193612393282536,-1.2195079325214175,-1.348197225011948,-1.2813276449110667,-1.1714320122214203,-1.1718203949742985,-1.3028552211089204,-0.14476162261147119,-1.1799375814496351,-1.1802249043007036,-0.9548038753068369,-1.1989695299602898,-0.09739121022912117,-1.1987059195713763,-1.1974393707374031,0,259.423317683888
-1.6295104126203714,-1.1409445165642942,-1.1408021988411088,-1.0126209783612898,-1.377862914706401,-1.1807290267130222,-1.1811357521394736,-1.576752923159749,-1.0371485814863106,-1.1881819524831692,-1.1881929011904675,-1.1277585437544602,0.14214968757296023,-1.152138280402349,-1.1523964824009267,-1.1901824674956356,0.7467668955933556,-1.1602323270450867,-1.1598794026706238,-1.3585682210563998,0.013103334480036798,-1.1475551055043203,-1.1478489784596329,-1.089587909913525,-1.1861862824460447,1.8414730014291336,-1.1799219264660394,-1.0852977024988573,0,255.7113384539614
0.03337223596266509,-1.1699359516553487,-1.1700402926658457,-1.0462128622933422,-0.7157165220045592,-1.187052043584653,-1.187427854530442,-1.0350968053416494,0.7345052060278848,-1.114533775439264,-1.114563550404389,-0.993092933074077,-1.1843768166322308,-1.1556939226141862,-1.1556418866082596,-1.2594330403926126,0.9195628030085135,-1.1331819218584265,-1.1326221503927547,-1.265878576055782,0.5479621742944489,-1.1425540080729186,-1.1427752127022932,-1.2098949456066508,-1.142819411861467,-0.015924612121240227,-1.1427462614312076,-0.980525800291655,0,252.6694640908298
0.7742571188774926,-1.1836998758141997,-1.1837167509506137,-1.1500891960078663,0.37641108627307135,-1.1967931260085696,-1.1966975133801672,-0.9750378114593341,0.06671677145513372,-1.1157639036788016,-1.1158787066039269,-1.1452878402730995,0.30193888907643246,-1.112871326191027,-1.1131022276345572,-1.1357454852699669,-0.25357587928304537,-1.167160101245646,-1.1675991764194353,-0.8708805606643822,1.069988387247368,-1.1010798038072067,-1.1010818931465527,-1.064240982353217,-1.145956888674242,-0.6492316714622329,-1.1476742671066267,-1.175465912302808,0,240.62955876722543
0.20257093363352244,-1.1267815278600024,-1.1268765059821375,-1.289217304896822,-1.7663054621346608,-1.0775784345432446,-1.0779169106009399,-1.071485232573295,-0.430584341087266,-1.090082717037026,-1.0901884385266283,-1.2255645087634395,0.05287954758286529,-1.111750504845616,-1.1120142710369834,-1.132017441625298,-2.3144309382062973,-1.1366384847158553,-1.1361052194807122,-1.073835978049712,-1.0714603226165984,-1.0935610994442864,-1.0935222906043356,-1.2079507348751577,-1.152618455914967,0.3461172181280673,-1.1514003299933273,-1.2175963247740667,0,243.55047251535228
-0.548447524838926,-1.0629405920912136,-1.063027889595636,-1.0303374280573623,0.3780852393763061,-0.9686979635324346,-0.9686206980442879,-0.8907694576585978,-0.6711466244558753,-1.0751385265837632,-1.0752178555472551,-1.3436924784384068,0.3820075677453556,-1.1024287814661449,-1.102641868212003,-0.9795847612393217,-0.6392965461794853,-1.087942712379822,-1.0884585178005557,-1.1676652132259098,1.0042039910455323,-1.1157116668255598,-1.1157483440748726,-1.268833868695905,-1.0699152940819212,-0.5344776487422032,-1.071764577062414,-0.9735025249511899,0,246.66696314601924
2.207765928982295,-1.0915687354897696,-1.0910766398359386,-0.8941235310176122,-0.5308432649848426,-1.066867908020479,-1.0672044025274923,-0.9637936617890303,0.8491545882982305,-1.1132876940344911,-1.1132916985671322,-1.2319748455721213,-0.2020721808462188,-1.0517616824413434,-1.0520218903515313,-1.1746592286740674,-1.1958030422098795,-1.02630574140925,-1.0267259759909038,-1.0380726272164302,0.2260576529907698,-1.1473736757822965,-1.1476576225836408,-1.0672730824699763,-1.073458565610489,1.364897711825214,-1.0698217827745724,-0.8613156332882188,0,239.4752224277709
-1.1467913689352407,-1.071839817511388,-1.071832739384169,-0.9993605005456305,-1.6468428907967283,-1.0205427651394676,-1.0209112736272261,-0.8849884274189314,-1.085712062840345,-0.9538601712532933,-0.9538615255658717,-1.0514398734064725,0.17039941192442673,-1.026070270999426,-1.0263171889008658,-0.9569437652627879,-0.7879495039666076,-1.0558754652655709,-1.0563876773111527,-0.8025499079070452,-0.13504064796787926,-1.0710577624898594,-1.071338289255326,-0.9531598334797238,-1.0940749615997267,0.44326110155184856,-1.0930196101593863,-1.2299228351282063,0,239.8892749074469
-0.7701061229192218,-1.0686444059275448,-1.0687059043827558,-1.2515387726379867,-1.7863639384497454,-0.9792245769222412,-0.9795606021107159,-1.066852606584151,-2.2895310854047644,-0.9812046078468359,-0.9807408975408546,-1.1386311479102778,-0.5727215669022978,-1.0542878947981655,-1.0544910336022537,-1.0180254261283046,0.5594352620837826,-1.0645691450948302,-1.0644525337647837,-1.1985071785325416,0.26224454561984945,-1.051444565210054,-1.0517178053162293,-1.0263948438365913,-1.0324550799158223,-1.293325363335155,-1.0364692680963186,-1.081145500436259,0,231.5985548315464
-0.7244863178674172,-1.011562334179973,-1.0116300325579488,-1.092425937509688,0.5770816279742916,-1.125125599422782,-1.1248940630590238,-0.9866443572806665,-0.03555107827195982,-0.9569013186582142,-0.9570181016815255,-1.0221012123414446,-1.0132420221714582,-1.0232035303753573,-1.0232506636401082,-0.9828787103522262,0.8783634354497685,-1.0170214083584805,-1.0165667521814883,-0.8293313837074169,0.16058338777266393,-1.0606748017801586,-1.0609581105558716,-1.0517559377286734,-1.0205956785231256,-1.4271098243627327,-1.0249911118807107,-0.9494050348094857,0,236.48311105031533
-0.20301420452348093,-1.070185294829944,-1.070291390699622,-0.9745262364991167,-1.0799117933220959,-0.9569034153190061,-0.9573242891270081,-0.9638279444808246,-0.4054357494745914,-1.0475459095917263,-1.0476532895135173,-1.4097036738409534,-1.0185931036666616,-1.0020283475832783,-1.002073924591682,-0.9438403938067141,0.35930019870887725,-0.9893005773653626,-0.9893780440841511,-1.043901488991646,0.19621020197110775,-1.0214830839639018,-1.0217608821435145,-0.7524044619503215,-1.0256229859994943,-0.7848273968217969,-1.0283605729927057,-1.2065079084642292,0,246.1305311090188
-2.0908707809635616,-0.9284826459527399,-0.9281742171676025,-1.027980960584296,-1.1167800952533729,-1.001157466819953,-1.0015783638058757,-0.9852451759823959,-2.032369011836004,-1.0186820909674703,-1.0183454042959392,-0.6362896510116434,-0.295632229495543,-1.0093831854564226,-1.0096327182368163,-1.0298083634848076,0.019058404641276717,-0.9444030095673782,-0.9447117745421466,-1.2109271315322903,-1.698460673273162,-0.9367870453421067,-0.9363215887033685,-0.8940285310775529,-0.9440590806709714,0.5108542698382161,-0.943764215112805,-0.9447708038528538,0,240.0152440067212
0.19978956913073384,-0.9439371620423457,-0.9440317170859291,-1.0392573948542552,1.1775220423475163,-0.938093025703626,-0.9373636882720542,-0.5584035259557516,0.9874945968339714,-1.0037708229901943,-1.0037407908085834,-1.0531898423161141,-1.5221724084566257,-0.9608626916112205,-0.960624060237152,-1.0681908086822607,1.2392592750728268,-0.9758251593189112,-0.9749079083707252,-0.5903359990287216,0.6316101221964687,-0.9453327932803292,-0.9455232001957004,-0.9703888354272504,-0.9919670299840467,0.08966970318163037,-0.9925513339799618,-0.8750024842453232,0,233.0467597812984
-0.7941586557460675,-0.9260137534512547,-0.9260719930792553,-1.0407687115400803,1.1434477657694448,-0.8248566547896161,-0.8241789719684769,-1.1047624731794439,1.8228359894219104,-0.970017184653518,-0.9696782880045689,-0.8533256890680813,1.4294163339612118,-1.0054523023837518,-1.0051587885275473,-0.8383702022560617,0.6731892605105554,-0.9378865434380701,-0.9376869741309775,-0.8089489877887938,0.4417312125981449,-0.9383197448657363,-0.9385570585250373,-0.8522985520077543,-1.000089467613887,-0.3476083378422412,-1.0018007897964154,-0.959488667785695,0,230.85163564458924
2.227308559011003,-1.0063272725116759,-1.0056245967907196,-1.1199006584004658,0.5507904894941604,-1.0621055116051674,-1.0618999864510694,-1.0158403019386173,-0.5255059796726229,-0.9312153500098461,-0.9313116200122833,-1.218524902109016,-0.03470604456319838,-0.9000979179638091,-0.9003508108082269,-0.844643219784371,0.2709865015435567,-0.9195141739564756,-0.9196660081992757,-1.066020298947262,-0.46156595398151984,-0.8861410064471454,-0.8863556683299184,-1.028272241590974,-0.948350273869714,-1.1673142833080856,-0.9523555371660388,-0.998005822827918,0,229.53736760538547
-0.7135935480725186,-0.986693238411202,-0.9867623349762294,-1.0168186576620704,1.6660368166907857,-0.9278298206282046,-0.9265695003322892,-0.9235320871887408,0.4173638346417615,-0.7764437557181532,-0.7765267163320057,-0.6636235282366355,0.18054614039564879,-0.9499394989843636,-0.9501804294001253,-0.9114591335738094,-0.5569256427773442,-0.9303277375334703,-0.930822368034465,-1.1229307974588436,0.7181913971106463,-0.9681091854172182,-0.9682724669410747,-0.972954749237532,-0.9144245799261299,-0.7670328183595947,-0.9175620848041254,-1.0207551765904292,0,230.7289806002238
0.4776555320155509,-0.8818348794801946,-0.8819015278225402,-0.6732752338974015,0.1412690742766107,-0.8943218527587351,-0.8943918308956752,-0.981430505877493,0.6237627070776522,-0.8600110799606178,-0.8600629874534264,-0.8853556641261044,-0.4128248962637601,-0.8904518097257229,-0.8906787986509794,-0.8735855690574579,-0.07577730402371374,-0.903483751267997,-0.9038393555624457,-0.5970252916492542,0.2777094160860069,-0.9108169088657222,-0.9110786805444268,-0.8562020355130561,-0.928475287624351,0.6395478051764547,-0.9279169172185379,-0.7478283857877077,0,223.7773642228035
0.0015968273118034271,-0.9399999391842698,-0.9401042208656507,-0.8705132962984757,0.16551728946814515,-0.9269578781369254,-0.9270123434970545,-1.0133013702278673,0.3889311984324603,-0.891606060729776,-0.8916929244410559,-0.6952945780887541,0.527038206791369,-0.9189483742173725,-0.9191174856743494,-1.1039775523383142,-0.341693299222679,-0.8676862561780675,-0.8681356270146335,-0.8488210825780479,-0.5898600900485493,-0.8873996092178382,-0.8875795720717083,-0.9484388948115159,-0.8867235635638999,-0.713232796786727,-0.8898218811504555,-1.0861544305982902,0,227.56192489190025
1.950988575534195,-0.7762593118283244,-0.7759090348048815,-0.5819407370673638,-0.28152581487678335,-0.885856802304949,-0.8861201929145951,-1.1333242371678898,-1.274385881575332,-0.8629508260936409,-0.8629042874030458,-1.053556869990505,2.5107171437169584,-0.8397650049683488,-0.8385106456066074,-0.6190904384461895,-0.794603657806609,-0.9160184029588989,-0.9165173693522685,-0.7686954626512352,0.9838618474915944,-0.8871548127098743,-0.8872119769239069,-0.7661891770216679,-0.8836029925769794,-1.6656696688723847,-0.8889593268158095,-0.9674278557087509,0,227.94382273732663
-0.7789107715984679,-0.7622710451207687,-0.7623315778298828,-0.9658744590470811,0.8415779872983032,-0.9070176168925581,-0.9066003301748573,-0.7943917775913107,0.8650503707475863,-0.8697423820745768,-0.8697445890780168,-0.6338968508893995,-0.8247051898537687,-0.8410689794194045,-0.8411932471954311,-0.8357148453924793,0.10504057423878843,-0.8160700143928824,-0.8163325954801695,-0.8826642174906077,-2.4594338701805256,-0.8779564957155112,-0.8765552825418713,-1.0294285023245608,-0.8244245517597808,0.7170141912144414,-0.8241703758059356,-0.9047314583226467,0,224.3707359815644
1.2777824731755791,-0.8277256499167868,-0.8276215640640634,-0.7171252362389806,0.1378452335728627,-0.8207819001687506,-0.820858407837233,-1.1936283685351365,-0.8823476999238684,-0.9089376804471749,-0.9089824760929592,-1.071889285840253,0.07054212501553156,-0.8309969006879983,-0.8312404043416799,-0.8279350120490027,-0.904253256712446,-0.8431856768633041,-0.8436670501830827,-1.0187165156951374,0.18043718498407582,-0.8750437771842822,-0.8753121358931664,-1.0924723440704955,-0.8261535445299066,2.161280788823856,-0.8220044122997479,-0.7969675787411471,0,230.9923856664144
-1.8034401372409914,-0.7872121187914599,-0.7870208560682084,-0.7901377340956119,-0.6520564414132595,-0.8520562050322407,-0.852427565425179,-1.181636521895559,-0.3306476059341384,-0.7685818960651514,-0.7686920975375591,-0.3604402913256239,-1.0323817344748452,-0.8426402098178685,-0.8426852091511629,-0.7569169649857512,-2.6618735439284738,-0.821638439786979,-0.8191977892970514,-0.8702197098857346,-0.4130304672786087,-0.8526782732552038,-0.8529022530223674,-0.766061368584703,-0.8080337455049093,-0.15017748668230088,-0.8100146289040737,-0.7567475354829466,0,216.62662276236077
1.096777863572791,-0.8337641291169553,-0.8337104685615929,-0.6855639438737039,-0.2011490171883393,-0.7980589581080273,-0.7982952500197625,-0.7353663412510169,0.6527859002752578,-0.8589790970109249,-0.8590257787109548,-0.8959610168509424,-2.1375791420382417,-0.7737479464792564,-0.7730709862393318,-0.7610634490643756,1.4385182027288568,-0.8058247080238994,-0.8047227664644748,-0.6863874582503429,-1.1684888936235347,-0.7687218709617747,-0.7686564664096562,-1.0398027747859924,-0.8452560189127515,1.0978962565609198,-0.8439043213128992,-0.7195282791451916,0,223.65526446260347
-0.8520002759989013,-0.7178349760490756,-0.7178850116973331,-0.6138959587334242,0.7233071741953634,-0.8026404191863515,-0.8023316216254905,-0.516451813278435,0.5985205142312401,-0.9058854919337956,-0.9059417589286617,-1.1002916902319977,0.15438225117909887,-0.7732538636047341,-0.7734864717730069,-0.7689787707197006,1.0032467453728202,-0.8151887756545895,-0.8146637832245489,-0.6682438297939832,1.2079847483462671,-0.7544158917360253,-0.7543684130783049,-0.7888595819164772,-0.7984705829394227,-0.38984286874597274,-0.8010573291766908,-0.8679038634126097,0,220.83289756853463
0.8681298455860168,-0.7101627357638056,-0.7101640111209064,-0.7345386699428049,1.0712441467969194,-0.7711183308640134,-0.7705168892927824,-0.37258177008900206,-0.5146497656941817,-0.7152374855844386,-0.7153337297655137,-0.5801665680435462,-1.0557813972025183,-0.7791089411520388,-0.7791456903570041,-0.9927258090269415,0.5271927157516623,-0.7800507283569501,-0.7800182600756704,-0.7373951305540616,0.4229173812997313,-0.7682067817231335,-0.7684378421775725,-0.7681811455007956,-0.7773676156002286,0.3998816336738778,-0.7781019192547022,-0.5336814722922211,0,218.0404754574361
0.3238344495435272,-0.8017482177676202,-0.8018320600328567,-0.9405698226233801,-0.49963654932122764,-0.7726848527885778,-0.7730217031331266,-0.7176791857028715,0.1384191181719474,-0.7596569493636035,-0.7597655466751313,-0.47240429013739554,-1.8776572573358963,-0.7694601241779384,-0.7690021874308183,-0.6862229492682574,1.3403956667448436,-0.7946156657809595,-0.793662528663259,-0.7603354676100537,0.4054710365424849,-0.7483700055153107,-0.748602865153424,-0.6931510158695837,-0.7466073690072872,0.474361190661048,-0.7472644243642574,-0.7322626956902366,0,224.59179859236255
-0.6604341333959813,-0.7648319901109001,-0.7649072956615676,-1.035954531266567,-0.6945365499285826,-0.7363452438860125,-0.7367279627281174,-0.30278845157685313,1.751173481064217,-0.6947099064224613,-0.6944175874545071,-0.8544702933890248,0.5002874217520812,-0.7106336833292781,-0.7108029013714856,-0.7937604313129064,-2.029195324899942,-0.6810875522269703,-0.6809970120787344,-0.7328479510808636,0.8708626426420104,-0.7866445396930939,-0.786750621639169,-0.7324279896921569,-0.747759067060982,-0.2601859696261369,-0.7501757475519296,-0.6303274616981558,0,218.03347220660248
0.46918555066653467,-0.771840728095597,-0.7719084494671598,-0.8107716080985183,0.758094726600457,-0.6961476854334776,-0.695823567186538,-0.7707770904517027,-0.07684623700992235,-0.6873201822589371,-0.6874354125346245,-0.9070093399347083,1.4472255542137253,-0.7079836507345981,-0.7077323837638663,-0.8530031443870469,-1.5167320579254577,-0.7818915686705334,-0.7821571170752694,-0.8019403962385437,-0.11082793174254267,-0.788515403972503,-0.7887773469679427,-0.6020516891857648,-0.6865251123569488,2.6343128861945346,-0.6793704718706739,-0.3840943612724609,0,218.33925685683352
-0.1969178702661485,-0.6519638501763411,-0.6520680025671443,-0.9468447606356712,0.29406499575396267,-0.6767490483245028,-0.6767467735135315,-1.0684991394441656,0.4006497085468042,-0.7497609697680641,-0.7498458981669137,-0.3528032355213363,-0.2376037546720322,-0.7555286677192296,-0.7557663892366016,-0.6998263245866857,0.05658863762482311,-0.7073350649942194,-0.7076239719232809,-0.5911653615522556,-0.5891914493895323,-0.7162615467087898,-0.7164360144666058,-0.8341603906307274,-0.7457365618719181,-0.292557658817373,-0.748234236050799,-0.8174651175818233,0,215.95429710515828
-1.1595159530374164,-0.6346735278470382,-0.6346677638235079,-0.7454457051431329,1.6811782648459237,-0.6583670417828115,-0.6571507151840832,-0.7546846615904201,0.7580857738770926,-0.6790403981842041,-0.6790671792823562,-0.6356725297669233,-0.672629823052616,-0.6978796518691098,-0.6980446862315908,-0.8148487438207491,0.3385627868385574,-0.6829308837282688,-0.6830525443583215,-0.7706208707793702,0.48851510792821773,-0.6639865490819293,-0.6641992903228073,-0.8161369144759617,-0.675020634720446,1.1176110725125992,-0.6743400238920568,-0.58421540114855,0,211.33216885157364
1.584279119030204,-0.6325408534218162,-0.6323419400634324,-0.5364484796805832,1.498521476084578,-0.6182313149569064,-0.6172279530928177,-0.867447536737933,-1.073966282375369,-0.6341209429480845,-0.6341273666763397,-0.484045636154362,-1.832458100181465,-0.6943005922662165,-0.693894739776808,-0.5228430041165801,-1.8749693775975413,-0.6436570718674802,-0.6436956717190886,-0.7105215748260171,-0.8352147780834235,-0.6023505984880193,-0.6024427014066579,-0.7113595272855721,-0.6587739792228456,1.242527016940123,-0.6578416083534591,-0.5984738932904309,0,207.0460266423159
-1.424500405622955,-0.657929022599643,-0.6578589367223174,-0.6520571958978735,0.6115694443126078,-0.731989803481042,-0.7317728783083456,-0.746749711154994,-0.17304104087841807,-0.6825680838780745,-0.6826829382836822,-0.2895900442051883,-0.69536369576313,-0.6093832777272172,-0.6095393664226518,-0.6379344708785389,-0.9766813605999507,-0.6058451982046614,-0.6062952131107573,-0.47222608955753553,0.9048216610489171,-0.6312245847109035,-0.6313172930735572,-0.8011914617661493,-0.658437630357518,0.8521715396734374,-0.6584577295891589,-0.6905159902611073,0,206.04872299502065
-1.192311574435817,-0.5612419011059121,-0.5612297119025805,-0.6367441800073136,0.4677017042195906,-0.6135523257234154,-0.6134461805468294,-0.831895669918625,-0.04299513528417118,-0.678417600319806,-0.6785323635489592,-0.6209005218925387,-1.4936942747435453,-0.6349609496827766,-0.6347868174912761,-0.47723803357337685,1.0698907703549358,-0.627091899543532,-0.6265577074197609,-0.7667276163863007,-0.5417575490746955,-0.543388789706852,-0.5435682418313222,-0.442951521014596,-0.6396479952946671,-0.9762974982937351,-0.6438611674097099,-0.6748985279126113,0,205.2999365799311
-0.7741700749128158,-0.6419991842179326,-0.6420604281991099,-0.7048385581492823,-0.18243857689742154,-0.491642320235468,-0.4918842016187013,-0.0876620036748391,0.9093482912710954,-0.6230105031565316,-0.6230042133080093,-0.8240178256574193,0.8321939703489397,-0.6364626607096054,-0.6365279292113222,-0.6844023861220713,-1.3341932775041743,-0.6036276571508724,-0.6039764052954333,-0.7630998939083762,0.7064509248361013,-0.5845325053869759,-0.584689195511317,-0.5064296163979013,-0.612839978766858,-0.8937883183184528,-0.6169044805590286,-0.6192916375533731,0,212.84371856004816
0.47712422303618157,-0.5324929596473281,-0.5325596236177134,-0.22021558513389566,0.8306292380135937,-0.5705422959468923,-0.5701749596463871,-0.642945155521721,0.0300928796196274,-0.5662840514682268,-0.566396198236471,-0.35723619541194496,-1.7243827662309645,-0.5897554149103353,-0.5894446887629465,-0.7152555226393557,-0.215210706934142,-0.6104217071653096,-0.6108179588067724,-0.6392246597283757,0.7748882060101461,-0.5492779678824495,-0.5494133762959317,-0.616498184333251,-0.6080942367524333,0.7408641122049605,-0.6085181965082723,-0.7065905154230473,0,200.2848950017933
0.25003906468525927,-0.5714760163521536,-0.5715656191089378,-0.3866092800477751,-1.30120992167503,-0.5984248327974515,-0.5988490935502271,-0.70627909129473,-0.3855360654656265,-0.5361545566905522,-0.5362599834218427,-0.5629116809499971,1.458221788456712,-0.595046299802008,-0.5948041950958534,-0.6977446513502384,0.2744877268055201,-0.566917997674287,-0.5670867943451854,-0.5808672531745823,2.5004488438649157,-0.5774173610902166,-0.5754662319045244,-0.6825240912550733,-0.547805464500314,0.4539915915450449,-0.5490169468969716,-0.5540612187812809,1,198.7454490026419
-0.1938073983921705,-0.5191804881795179,-0.5192840353274095,-0.8326694780446653,0.48547337310192534,-0.5281524446226837,-0.5280418299931727,-0.08471135762137509,0.8813469984062349,-0.5477026373809862,-0.5477034518324586,-0.6051543310416578,1.0873165767736517,-0.5918068514209552,-0.5917660556744395,-0.5473300916275826,-2.6618735439284738,-0.4937896012367007,-0.49265752027032333,-0.4662613147886332,1.3030147484051848,-0.6322664857259415,-0.6321764621163004,-0.7077138462431052,-0.5315963449248629,-0.3970117132135393,-0.534684543623514,-0.31366482865674394,0,200.2448157403329
0.04497285030858593,-0.568330513464342,-0.5684316956489636,-0.6601722872063245,1.306149521593795,-0.5486054224305326,-0.5478141025316121,-0.4534694964530964,-0.7998908693120882,-0.6170308236730762,-0.6170901740530286,-0.6896841600205094,-1.6932731744241996,-0.5150740826247601,-0.5147946203142002,-0.6988670714076972,0.2945901365973711,-0.6022142725681419,-0.6023692248745739,-0.5882230794210268,1.4153630612441548,-0.5114137626127082,-0.5112710605776645,-0.6633271525603682,-0.5593076440361077,0.7152777639823658,-0.5599042110000756,-0.5054966675694628,0,201.08122975443328
1.7677374384326443,-0.5223471109290351,-0.5220841420802125,-0.6690255646353342,-0.13550428481861695,-0.5369430017850463,-0.5371641712648789,-0.49915796250795863,0.31423441506585786,-0.5370866063850809,-0.5371800494982001,-0.2977515326880196,1.5675708014480367,-0.5267080130028643,-0.5264067970349515,-0.4627903195587934,-0.4447595605479871,-0.48162603581619473,-0.4820664749580102,-0.4898519381181274,-0.32335822346635756,-0.567449999633232,-0.5676732702880051,-0.7301246637414759,-0.5225204537046667,-0.7818405142572712,-0.5264178882418401,-0.44857779240508333,0,207.62423852679632
0.47371211412844033,-0.5189511731025223,-0.5190182523334133,-0.5308157607556825,-0.1816822044724661,-0.5205612102323589,-0.5208015849865729,-0.4206023249479638,2.164729973215563,-0.5144598501633592,-0.5139790623520908,-0.18340578552927642,-1.568384477027327,-0.5257613065310761,-0.5255558740997207,-0.5854995309570071,-0.4035298358264299,-0.573131920670709,-0.5735727657657006,-0.5414536889187572,0.4244838054841363,-0.5558415139820667,-0.5560593169355488,-0.5409984339422761,-0.5264805384977872,0.5974418454796123,-0.5274085978181087,-0.46953655458808485,0,201.88791753206544
0.45438266086199297,-0.514097374767586,-0.5141667860697456,-0.32689959355568515,0.6007082086949184,-0.5281773393035888,-0.5279879947946193,-0.8184195494538545,0.8825834376612378,-0.523412908539192,-0.5234136100287564,-0.35678543499594995,-0.3219269077706771,-0.5030704717114445,-0.5032844511625946,-0.5830268036928751,1.8267504373854961,-0.4851553950085963,-0.4836848043050914,-0.5238041529235093,0.14261469593852838,-0.6219565262306144,-0.6222083428517283,-0.5529709634335941,-0.5008854662039881,0.809008299102786,-0.5013849438637886,-0.3842452040854555,1,195.20844588286167
-0.6119707565520733,-0.48467239771741893,-0.4847523541079973,-0.5545129632363676,1.6075946958507277,-0.4944190125537696,-0.4933212097338084,-0.42476550256380846,-0.13962159007088382,-0.4918286617748197,-0.4919423978982261,-0.5323698405781221,-0.14418884388578673,-0.49052486702014264,-0.49074856207803896,-0.3163060368227836,0.33933561999692363,-0.5479576572165944,-0.5480864314707267,-0.6943642813073881,0.08173185266124472,-0.49983111757908544,-0.5000757238889999,-0.5351583767600276,-0.5054655554259831,1.2877580324379845,-0.5048640018965534,-0.6011571102191418,1,194.40809462813277
-0.5460287704885177,-0.4772851789342181,-0.47737117044600963,-0.48935017522309265,0.8511548641441057,-0.6388378451221661,-0.6384457587967223,-0.47506304907327873,-0.6200851751400525,-0.5104092624213429,-0.5104933433283136,-0.8874692611631887,-0.12143309906637452,-0.40704479626095474,-0.40726310198831556,-0.5083375366145013,-0.021910162171088564,-0.4258303923618673,-0.4261481621644556,-0.4447983028267486,0.5165821134905967,-0.46171566634847755,-0.4619115176538406,-0.5127201036667647,-0.4391341907507934,-0.10691656003984146,-0.44168647063207356,-0.4338283384103282,1,185.71440614686884
0.28680505188824085,-0.43207203006400724,-0.4321582490763062,-0.363541731947449,-0.3220492301077808,-0.4049620874792763,-0.40525747192081235,-0.6806356549295045,-0.3629114002140608,-0.48888905215088163,-0.4889955345939263,-0.6356122138884159,-0.12330442786961707,-0.4784981193509713,-0.4787214117832385,-0.49874817283485734,0.802941591510599,-0.44376402367439105,-0.4435463635627697,-0.4261840456074165,-0.7297938936222245,-0.5000415934904224,-0.5001677212974719,-0.706352101391477,-0.4464987400641032,-0.37693757902758374,-0.44960299525998576,-0.2749987189455254,1,194.20430104965905
-0.4861568180096922,-0.4177001373787165,-0.41779065634299123,-0.4822714596083915,-1.0388721277895787,-0.48913203915300096,-0.4895602143713729,-0.5938082705242209,0.12086921307914736,-0.409654063508341,-0.40976121802691734,-0.5096370947319503,2.2365450426196336,-0.47068506724490955,-0.4698873393658522,-0.4810122877578418,-0.44857923510378483,-0.43138193824127935,-0.4318187063990511,-0.5713865692014954,-0.9838700544042643,-0.418886982755127,-0.41892167106032746,-0.3398957995973115,-0.4296496121088156,-0.6820636421546145,-0.43337440934263216,-0.461446396963297,1,193.1799384801988
-0.07031256794272867,-0.3395891863087974,-0.339691967481634,-0.3555837148119171,0.4862583875404251,-0.3704273973853851,-0.37032948384282016,-0.6216089536435445,-0.523970864333091,-0.3531660983609641,-0.35325955484151,-0.6421214669239936,0.2588796170635921,-0.4314218670399195,-0.4316208655685712,-0.6457784825280666,-0.7664439180079181,-0.40313707584369723,-0.4035900547875677,-0.2721031999474185,2.095172606829799,-0.40637577945543896,-0.4057838778800818,-0.4008358921837203,-0.40816538801066937,0.42065331871648537,-0.40963695364902963,-0.3835412314017569,1,181.4008973018851
-0.9624458728707185,-0.4270105058049923,-0.4270436448278785,-0.49099054282879867,0.7413659349918624,-0.5035450731138906,-0.5032550204051583,-0.501870876751336,-0.8488459350070613,-0.4869179464172455,-0.48696920539711536,-0.5686771378200373,0.7399430114970982,-0.39242551807298426,-0.392519439719841,-0.32118247524149346,0.5153034274920688,-0.4160999441306394,-0.41611719401757447,-0.2927843623204953,-2.4594338701805256,-0.4076600034206817,-0.4064878480074937,-0.574621871981031,-0.39159632136544736,-0.40856472109096204,-0.39478054935819373,-0.41476325242764056,1,187.28274448104636
-0.8706988737640627,-0.41428209048845877,-0.4143298744202942,-0.7472824480396997,-0.5581905718590093,-0.4048169233121395,-0.4051791091679976,-0.19162870780491809,1.3448124066350353,-0.3686497817977809,-0.36852389208336017,-0.4980958619994352,-0.688913402730923,-0.39455021840221194,-0.39469918878559485,-0.34847703999724117,0.6974059334205924,-0.3998320049190084,-0.3997113795003707,-0.39340883904420676,-2.4139832620893285,-0.4430857024903453,-0.4421358303057871,-0.4220809539111919,-0.40542712993449465,-1.697099322440219,-0.4110901161876705,-0.4395541048160198,1,179.40100568029152
0.5443776701158219,-0.31144886559437424,-0.3115068734716346,-0.20012247228986965,-0.3409183703443672,-0.3720117589481744,-0.3723144308419992,-0.31345589678925906,-0.05284024979001936,-0.44465645112646496,-0.4447695492301239,-0.47547455857134757,0.2947215893346199,-0.3747027077958843,-0.3748935207457155,-0.6184908195320579,-0.1851001189362445,-0.40991107340237093,-0.41028582817739695,-0.5201661416399918,-1.5967008711753836,-0.35491102406449676,-0.3546344266360531,-0.5033865926208709,-0.38478451057662705,0.9056085097232291,-0.38524527045925805,-0.22627803857368178,1,196.2971552151924
-0.3704308866730496,-0.3403102976704311,-0.34040751187079615,-0.3255407153485744,-1.3603234060674776,-0.3881697614111624,-0.3885939149535864,-0.5241867346319231,2.4729470903538684,-0.3064941441064385,-0.30585981027610976,-0.05962793450193249,1.4269706026121267,-0.3525263059637244,-0.3523292029313889,-0.42150989928251553,-0.8341088110197454,-0.348888231573561,-0.34933262819684574,-0.3067054993406971,-0.9903261542739389,-0.2943352263176887,-0.2943676321607831,-0.35992433671878465,-0.3448790497598042,1.0732042394949837,-0.34502523745456176,-0.28738088712656873,1,179.99126193372564
1.1210666724534017,-0.3458361950960362,-0.3457834300362624,-0.3186510778294964,0.5588664962114408,-0.39703204975370887,-0.3968837036448821,-0.535367624375524,1.8075695746794487,-0.28645955940882034,-0.2861612738944847,-0.2563811985588117,1.3762729220291297,-0.30003832081356424,-0.2998725043974252,-0.2270976018213403,-0.059458939890339325,-0.2674574078585866,-0.26778247191834575,-0.21615551446371534,1.285750509664429,-0.3406710747220507,-0.34060597181101165,-0.744589288958857,-0.3309344960555188,0.2141609383268862,-0.3328806296095563,-0.26645764618384676,1,178.35140384002798
-0.16139984799809387,-0.3132489271533966,-0.31335179064456775,-0.30204849584980026,-2.6529387305791867,-0.2609868914393746,-0.2607543216356896,-0.48850335339427997,1.233396034897686,-0.2948928638266121,-0.29480346882789144,-0.24253016259242066,0.20740997583660842,-0.27270571773525976,-0.272900486317365,-0.3765404584133102,0.250041636982918,-0.35006001999625497,-0.3502472655921841,-0.36824031591413275,-0.883527228202368,-0.3534954467635541,-0.3535676171224963,-0.32402507404227143,-0.25712189279007003,0.6635338138379533,-0.2581818689233549,-0.26255971520646,1,176.65221190895173
-0.9053321394352453,-0.21826123438588474,-0.21830414974958046,-0.15810683704064032,-2.503911874222816,-0.27118307991573193,-0.27126151547199034,-0.6833980100817871,0.8052135599853238,-0.3090504005257804,-0.309069035317713,-0.1996945887086771,0.3207408593610183,-0.30721385263561485,-0.30739698667790505,-0.0865902882288565,-1.8509413990521013,-0.27377187635514416,-0.2738520297075889,-0.22412025805751315,0.3786548924367846,-0.2666300646451444,-0.2668356289590336,-0.1090083651609295,-0.3170369413744625,-0.21303718141079211,-0.3198365927220616,-0.5231785436038713,1,177.50067901165596
-0.37009018588180925,-0.25012792122573285,-0.25022476896452833,-0.48720911369562275,-1.8099027554867868,-0.26076994378341517,-0.2611208158122259,-0.7652542055037949,1.280482372428652,-0.35409657255385135,-0.3539916230552027,-0.44136277593604517,1.0702498459554066,-0.2679574023363556,-0.26793405384619023,-0.048709404970107256,0.5988046515367401,-0.2816057568081041,-0.28157390731455206,-0.4289907902467012,0.7144749615947392,-0.24407070412316034,-0.24421162090378198,-0.15950986073446866,-0.23867800432113265,0.3076451166041029,-0.2404501483669066,-0.27718646428755955,1,170.0238879288009
1.5847269493168907,-0.30445239535377033,-0.30426358618294863,-0.03399510236791369,-0.8415758980286646,-0.3238149244918061,-0.3242297625783618,0.05178637479850553,0.8420642747413051,-0.2074266102147632,-0.2074380379313276,-0.35292904371891376,-0.5802137986189689,-0.27601994826940773,-0.27618498820235643,-0.19335444391939433,0.4742045843323813,-0.2682607479214367,-0.26831575139974617,-0.1675166046826388,-2.4246034687793507,-0.20275590330371251,-0.20188284104357848,-0.16223651504505046,-0.2597611981723123,0.8186425815185846,-0.26050487999462213,-0.40706322741371936,1,183.67307560271885
-0.6964974585434681,-0.22299802461469312,-0.22306864956067637,-0.07081823672582276,-1.134484858092724,-0.2538612953825902,-0.25429642409070674,-0.09408823279233938,1.0599627442352468,-0.2940127061485878,-0.29397203955024476,-0.30049274499394046,-0.1279830448597722,-0.22446300133037284,-0.22466837810828658,-0.17631931960670977,-0.21107100057141895,-0.27718474700672463,-0.2775584710697483,-0.15580568577419943,-0.5621837477073149,-0.26373943367816477,-0.2639004927575191,-0.37516871416645753,-0.2053581771483775,0.5762207317968546,-0.20660040063596538,-0.06781553616099205,1,186.6339060857457
-0.4295679459521225,-0.24121084357472886,-0.24130445391761915,-0.506376112923133,0.4194461970184852,-0.1700175138336579,-0.16997724966778088,-0.3849962761772257,-0.7455696986378898,-0.22257812821301717,-0.22264512108116505,-0.0796800857253786,-1.7032888992083202,-0.2222189314502051,-0.22196817226889656,-0.31085996088923773,-0.8581360353243894,-0.27637184168271245,-0.2768077744470789,-0.35047448198597003,1.6307448274321041,-0.21281350767183396,-0.212574285743109,0.06141966053183719,-0.18744729040331268,1.9672164567060673,-0.1858492464329913,0.0731536473482194,1,171.68831129089688
-0.5399918529493255,-0.17425137696879472,-0.17433699549167087,-0.150678813072788,-0.19025367415449157,-0.13390687507562285,-0.13416626695996084,-0.17440599285207106,-0.49621609713228704,-0.21744858359741362,-0.21754376959833102,0.20977413778753293,0.3515149099778009,-0.21260287060630248,-0.21277594397186195,-0.26524106277045273,1.1162354910533854,-0.146946313630466,-0.14649637632522639,-0.051127637748682064,0.378347445772271,-0.09685666650647076,-0.09705073659066797,-0.10602841389853877,-0.19824598566847335,-1.1995482605594847,-0.20279914034117463,-0.22125705543898716,1,167.40440410559927
1.4386579423185337,-0.14422841469206182,-0.14409104460869304,-0.24113955494303635,-0.5224729610770062,-0.3086314880410536,-0.3089877005624988,-0.1205066376846364,0.9260152322372399,-0.10932553711360156,-0.10931918780804932,0.04517199862658944,-2.2618504824213383,-0.1606686301662922,-0.1600642046460808,-0.25731161552115417,-1.9641520013516085,-0.20262247428973687,-0.20263212094374036,-0.1288239196800329,-0.5229675998452502,-0.15224222913016192,-0.1524055622807855,-0.37675575328442845,-0.17498153277308587,-0.900963658339826,-0.1789779974079087,-0.2714327109725786,1,153.49369053298966
0.3280686003250452,-0.2085387584906129,-0.20862079814177442,-0.05562891686085515,-1.080466991506776,-0.05170870034944789,-0.052146689252621815,-0.029267511830718785,2.0443835831855695,-0.16451557752108636,-0.16411653781501845,-0.12446938130072772,0.37489354281840004,-0.1671374258958461,-0.16730432559628072,-0.13260567063269035,1.6666430756663522,-0.18547903288144515,-0.18440089632036002,-0.15994177708271598,1.078254850882157,-0.20172073890351158,-0.2017463753530385,-0.4197370568212439,-0.17462678830123435,1.5137630399000392,-0.17398650266338675,0.07690216091729285,1,175.99663519873351
0.3302559293242673,-0.13316397896536125,-0.13324563110363988,-0.013919424077240729,-0.28466603699054427,-0.11723342178099234,-0.1175266211696781,0.014451784671623787,1.453237639540857,-0.19386512477683496,-0.19370696732099402,-0.3056338552359469,1.044088854825151,-0.15308025564023287,-0.1530684889187029,-0.15417524736668575,0.5356960193647977,-0.13753786731023449,-0.1375593783783429,-0.3008606809403421,-0.4978954137823763,-0.15100749383083464,-0.1511756224705021,-0.10990594729201034,-0.18497511247449802,-0.6049083212679828,-0.18844877328188178,-0.24287351217137673,1,169.73140624073957
-0.09993226863959206,-0.20989592501985677,-0.20999831708937006,0.052644637485881975,-0.399100751330185,-0.11770604366773414,-0.11803482341527113,0.31349645047563024,1.38433989953965,-0.1028211040681158,-0.10268825227324853,0.006895946320945391,-1.4003153905765306,-0.12397438133857648,-0.12388167305936053,-0.13554654823814125,-0.6523742952703676,-0.06328510152992209,-0.06370664893218018,0.23628289699532476,2.5004488438649157,-0.13550886190478073,-0.13444424844077119,-0.10701556179213406,-0.14120232934787427,0.49442073519370244,-0.1425925009868164,-0.15765115015565873,1,170.9819193024192
2.106422032766056,-0.18383470258942497,-0.18344748402897995,-0.2566060329595742,0.5475982662822528,-0.07829918218735475,-0.07818565464504312,0.12241701284852544,-1.9164858849724598,-0.12318733769684972,-0.12294128370304346,-0.5093166784512446,-0.9939473027688516,-0.08322929951680537,-0.08328739328671066,-0.16620161383239027,0.7595411659073757,-0.10614225444860151,-0.10600716969363277,0.17301426544046655,0.3925934295093838,-0.1248630073875588,-0.12505723448231706,-0.0924716334971493,-0.13178986099994974,-0.8636090893119901,-0.13566771276644984,-0.1668314190708098,1,165.75080721973973
1.772785206856675,-0.10540161202437427,-0.1051525512685825,-0.12843714203536363,1.7284876583114683,-0.1494429519018862,-0.1482820855788169,0.089727262259769,-1.3135414967508767,-0.13705171088685814,-0.13700403757457108,-0.1829434714991135,0.7171546586921215,-0.10238578314577974,-0.10247812681390958,-0.15368469466347515,-0.8521315113026168,-0.05185040394331867,-0.052266380216545366,0.1420707298964895,0.716174472569953,-0.10678243171672525,-0.10691667090489274,-0.011632598416213155,-0.08454647863803792,-0.413579438175541,-0.08757118559950636,0.10759481777638061,1,155.67032298413844
-0.014343567585925148,-0.016311513059528458,-0.01641179078784117,-0.3164676165286737,-0.4212352654362297,-0.09352892672701534,-0.09386475445440547,-0.3171853156813153,0.9986541060933821,-0.11759774803728348,-0.11757431333615277,-0.09609531737572181,0.10851573390179203,-0.1365313110267303,-0.13672504825440293,-0.09106534656211689,0.34681084035799814,-0.06305410079540413,-0.06319069100092772,-0.15137982909439723,0.6117585731610274,-0.07363569640606236,-0.07379106756315881,0.08431204924745017,-0.1274572598328182,-0.8659795706568858,-0.13133368158854214,-0.1597516480799589,1,161.19340902203388
-0.719152259596824,-0.1391430115987691,-0.13921096905580324,0.05830016921378455,-0.022739312148254878,-0.20594632839333143,-0.20613492534985967,0.007428597911874108,-1.4955462472420458,-0.0988432070458604,-0.09874458649312198,-0.5002162623060645,1.4678030850538355,-0.053783763132484175,-0.05358830799746792,0.004546864983249444,0.8601201423449835,-0.10158384632825673,-0.10136978867744285,-0.13577243596749788,2.0320905156956757,-0.0773845296180879,-0.07690733930439626,-0.11648441475637683,-0.04070014935181997,0.13042131409585797,-0.0427017626024886,0.29151543616255876,1,151.6516974507444
-0.10703621804349063,-0.07614669048216219,-0.07624845552645677,0.012680815572276193,-0.3950490143021703,-0.0672013587539513,-0.06753055653586766,0.08651311092807878,0.28707140319221836,-0.049416731509241106,-0.04951003533942025,-0.2913543514619182,-1.1278151254826727,-0.06137069581609041,-0.0613853913522132,0.03730481380791889,1.3534040770883615,-0.08008323152990572,-0.07940964082780962,0.07170603068879745,1.061976507879292,-0.06098699222940256,-0.061017405354078146,-0.21387602919700685,-0.05703345190383663,-2.5050005048924926,-0.063463331816543,-0.26078524666283737,1,148.2119054533548
-2.2646059599854773,-0.029020105394031208,-0.028681656031165664,-0.07615594964773445,0.9872920320697525,0.06403588335308229,0.0644548837165381,-0.1094484629804363,-2.56891486078216,-0.055544407967015486,-0.05499888365973612,-0.08187384933130912,0.738988031127715,0.023024221531620138,0.022941815654387403,0.03637221845985716,-0.7279977279709187,0.030881279496613113,0.030467795005843314,-0.13263230710472185,-0.794077689071928,-0.07750921018189391,-0.07760318631939092,0.02791508361838291,-0.044488953004165006,0.6108823837072177,-0.045610321031232574,0.060811706948106885,1,150.45191712014463
-1.9191824545522493,-0.00822304906605403,-0.008015983708822722,-0.07892987166046866,1.5950842112559096,-0.041072989675818135,-0.04007690172769491,-0.20502735636777056,-1.5115255885499805,-0.05953822065199376,-0.059435469590979374,0.19412152270377725,1.7685222123140196,-0.03571382302079134,-0.035354494767422535,-0.13539033988725682,0.7140364066756977,-0.04798445055266962,-0.04788880451089857,-0.13760697838060196,-0.2478758420281648,-0.015298581797400476,-0.015493395439410026,0.02690985717903296,-0.006632638440032467,0.5487632547964156,-0.007840715965927406,0.09333339460067219,1,142.56386983567373
-0.08338990851019525,-0.023840446912564255,-0.023941806519737104,0.3372583758591487,-1.4653616470176516,0.0028962173232066654,0.0024746723594109366,-0.10439054056130648,2.3451067111159447,-0.02550883161673386,-0.024967552627830965,0.4171618217182532,0.6714169625044776,0.00045146344626241183,0.0003513671576530432,-0.12208868550719691,1.0149645544397097,-0.02973785835301042,-0.029403549159023264,0.1263026164221154,-0.32473639782231484,0.04808025346728009,0.04789814655733731,0.037455635418976216,-0.006374067676739531,-0.8120044538056531,-0.009977716480459262,-0.01233805622382877,1,142.50550706485993
-0.15646671220151,0.006454464198079369,0.006353147370821382,0.12190409792808578,-0.1623442631652657,0.02677385496558194,0.026518447329141187,-0.07707957040540152,1.5425840787598124,0.055425218651155427,0.05560793641076111,0.13915670233925836,0.7503823943819318,-0.02167752856180722,-0.0217584245060826,-0.11092055925813453,-1.1946294052773907,-0.006598494312143962,-0.006955957051643992,0.0648667228099051,-0.6168239587054071,-0.024382796756974683,-0.024519576299576934,-0.17060965796412372,-0.009017080432151747,-0.7086727022414401,-0.012450139408437307,-0.03382956894168233,1,140.6016491477646
0.06790019473407746,0.0620501517506558,0.06195267011454478,0.0005643679440941339,-0.45607493044914876,-0.003518927503802696,-0.003866923652224729,-0.4206500299605316,0.1032977964777829,0.04727999532829234,0.047175228284514446,0.018453531498554988,1.288337821998822,0.018679874638805685,0.018787830547110602,-0.07857466651903394,0.42454994631004844,-0.015808113029359736,-0.01590195730429225,-0.021276715848160994,1.2008131079160218,-0.003313876981798121,-0.0032921231149057205,-0.10174346453993252,0.0420001430595217,-0.5441429336370285,0.03892876560025631,0.03301460153187941,1,141.89551292422914
-0.4257127704222148,0.032749854708463116,0.03265709429466708,0.2541969762928467,-0.6490463671498633,0.13056625969931906,0.13017116764201309,0.18207451454212928,1.713665534268987,0.018915349589140252,0.019163013721055812,0.013163998644906078,-0.4179672065453821,0.05901939474497202,0.058851572339249376,-0.037778837918944305,0.7592309352380615,0.03847312291790389,0.038594232773024685,0.012111637295167208,-0.6115028084709788,0.06951959348112062,0.06938651934108214,0.10266808737418462,0.07685722270218895,0.6806036945771191,0.07596757208161194,-0.0010711159186375175,1,138.19167313459917
-0.21172311903114027,0.1473321379112308,0.1472321067511457,0.11894271693996267,-1.2199293105308682,0.11019975968310325,0.1097585751130929,0.02000891885243574,-2.154853126225252,0.031007406738410098,0.03134653249707951,-0.004037077622425154,-0.23275420819825715,0.07896817402347057,0.07878742074700938,0.05310401566619909,1.2199426911625861,0.1253699225366059,0.12586093624713132,0.1397658516522478,1.4074566654022336,0.05466594793971679,0.05477444099363569,0.2822482090345039,0.0884067663910307,-0.5161637333919465,0.08546220311427051,0.09264066805279758,1,153.96115184218883
0.5068282080542759,0.0604524037611505,0.0603896455111116,0.14969723631290605,0.08876831756876816,0.13837777446665656,0.13822231342563948,0.2241526718759875,-0.9123642922099211,0.09327989879485492,0.09323921894444337,0.1333583723374828,-1.303141438245968,0.08411087140169617,0.08415960811532264,0.026223934670418645,0.4495403187833235,0.09883301836329647,0.098751551198757,-0.00036975900852923504,0.3491107055872549,0.09534659109503239,0.09516261807193911,0.05913371281927734,0.0773910022383918,1.335442504073293,0.07770164263495886,0.24191147493609239,1,139.67994188750092
-0.6311492079411448,0.08623171255736045,0.08615482708734878,0.04781989127006809,0.20429237515565105,0.0606734610474911,0.06057841021620671,0.1285299697655826,-0.091247197521349,0.08963458391647475,0.08952531165210369,0.46131117865339294,0.131350063184908,0.18236987001723529,0.18219933250265777,0.2765073976346303,-1.226107671546802,0.13337722230042864,0.13303767538359457,-0.033380816873093105,-0.2076313281270445,0.027813009664735537,0.027617720245993904,0.22943971222863002,0.19488941826244877,1.3038658476493212,0.19524449350069023,0.18794668941249182,1,147.59419984957185
0.022105691115807957,0.10454811135771093,0.10444932304025296,0.18719042115590429,0.05640798039209265,0.17235875494489394,0.17218684285830205,-0.06364829189729068,-1.1574467553991499,0.12998825650681942,0.12999565354972845,-0.13158565346516887,0.0912785103516585,0.07283886434334225,0.0726584890288256,-0.06744797808031056,-1.5634401901165011,0.13183428867467958,0.13160604345926863,0.33603378329927325,-0.3074380204493462,0.12082027336259554,0.1206411852650478,0.1544546333174098,0.1289396580843664,0.22980494759221434,0.1273235294480748,0.17009313731096015,1,141.0544880161894
-0.24100584474691225,0.08288252779922246,0.08278273359108917,-0.21198551283797262,-0.7578246951037892,0.15223513103991135,0.15182133638249434,0.2605637993176837,-0.5344614283891578,0.1703320590461814,0.170242401792377,0.021682745247296045,0.7495736190049309,0.13324776495128032,0.13317194934099047,0.04061523788891675,-0.12345495361348081,0.15872453471301282,0.1584043457314238,0.2321014008479491,-0.1670109295459535,0.17032726764034456,0.17013941693289797,0.36925129117251904,0.11587933285067582,0.6944807214921987,0.11505795170035178,0.15475751262290646,1,133.59008757573176
-0.5838803098875671,0.09087095411080141,0.0907897664869071,-0.01929890452195818,-0.6132032414430093,0.21298949090924865,0.21259932133513584,-0.18806773746448968,-0.817432396777536,0.16397803040524725,0.16392217889191313,0.09741285319427495,-1.1595330677903004,0.17365036687272725,0.17364874349504364,-0.02926832962588366,1.0210569153634828,0.14049489494446704,0.14080852700131544,-0.005167200410421629,-0.8073266487262984,0.16618714059160294,0.1661057825891405,0.45886762194707936,0.18614941645935554,0.060278097532254486,0.1843385940369748,0.04438261864342087,1,132.16720518585396
1.6019624165966837,0.18761418093116994,0.187794820697369,0.24185389269701305,-2.073374969166608,0.26613137002928516,0.2658419535501869,0.7115154841176965,0.31761955322589075,0.21371887471745074,0.2136297315411482,0.13912487101403778,0.1554950764175707,0.20067640178089052,0.20050871674881,0.287814075095607,-0.5516390520844979,0.15225572078562385,0.15185928205338964,0.07219330634107061,1.035370490271916,0.24626660489024846,0.24623354556046775,0.17312064966751714,0.15859322182077987,1.6870554926808203,0.1596139963473809,0.2034310241417161,1,136.62022592248104
-0.12931880628838707,0.31255050344584673,0.3124506198168257,0.1275584171938416,-0.5324297445968816,0.13098790475847324,0.1306172384283044,0.3140649333344866,-0.9991702756277316,0.09021260079068996,0.0901875737422344,-0.0472560307281361,-0.4179233369232521,0.1814689110474456,0.1813089883524275,0.10886189981113564,-0.16299956831328447,0.1917150304090445,0.1913865146787105,0.24328656557240338,-1.17885555337469,0.16181443489291472,0.16185503483771999,0.3227540925465506,0.21957447733049004,0.32837316437584824,0.21827040060420624,0.34200250425154066,1,131.5124921306902
0.2499808727017761,0.21098182709894844,0.21089480011381032,0.17928317098603383,1.2109109505269304,0.1738300120795191,0.1744230843471121,0.3167618414133969,-0.8119728952518471,0.2345922999526712,0.23453574996995422,0.02222601709639972,-0.5157782854456843,0.20151409621050878,0.20136682619530577,0.3792651188420817,1.6712567327382477,0.1945779940371397,0.19551374516463585,0.08201379596825759,0.34605279336394407,0.2496641362956418,0.24949075559196324,0.09244826078884796,0.210569538837316,0.06372267958725544,0.20880800331427063,0.16977283385241254,1,145.63362026371158
0.4466562514977287,0.2716713161845524,0.2716019264249111,0.02577266431109975,-1.1493522050023357,0.1996653833890664,0.19922168303582316,0.3541627714393488,-0.7178556944742809,0.26479187648709285,0.26472250781050227,0.2909810733028258,-0.04514548169505408,0.22526370816248176,0.22508972284773812,0.34707473334073397,1.0067150498831143,0.23338588073956065,0.23367571011704122,0.047171644662863686,0.015594648668447694,0.20807609410995045,0.20788463025145149,0.13331480194152615,0.2322986425170219,0.42091798041343226,0.23117168535475144,0.1232917573678029,1,127.73457480800886
0.2231600702203459,0.2564863287750185,0.2563976372141018,0.4148036188269082,-0.9314384800386896,0.2861613818943875,0.28572503816132544,0.3087181893928402,0.04413210870467108,0.23056713789109187,0.23046141419404195,0.1724300509617073,0.6807627988952094,0.2960545476809755,0.29596903340296477,0.4431178682771503,-1.041416878675855,0.21335952387353302,0.21298894919989123,0.46140200746145754,-0.18427449150345787,0.22728044805089206,0.22709792602155773,0.529073197984034,0.2624599868357103,1.1752412119589721,0.26267051671479147,0.519794977746591,1,125.60821649090263
-0.6332034309637938,0.3141733460226874,0.31409716883276273,0.0898996995749323,-0.352496024214388,0.24957514445644663,0.2492483175633338,-0.0822880532933699,0.018497511943491626,0.3459698828878981,0.3458642752939621,0.27896039265840994,-1.8346128982891519,0.25676112045016675,0.2570419273701928,0.17724541952973558,0.6551446615853886,0.23197531704944174,0.23201330103136839,0.3290021561918959,0.916397866155764,0.2982413191794748,0.29817543532544893,0.04771267448811364,0.2734727831104128,-0.057156290009668674,0.2716352925838037,0.22092269480931323,1,130.76263106551224
-0.06777508520288773,0.2746417717130459,0.2745420325158055,0.5359048711611208,-0.4849443318316159,0.26193414190368464,0.2615712050658319,-0.05694482880189215,0.4711608949240923,0.30783828022511583,0.30776574354757247,0.32289529034244135,1.797259750740095,0.2627428084226545,0.2630870515891096,0.3773630297612173,-0.6716905555031009,0.2654559640607523,0.2650645148944257,-0.02391541314073645,-0.5165016888215197,0.26570074211743777,0.26556067270191624,0.36571473356504414,0.2819289831783904,0.6873969039238502,0.28133404484980123,0.2664476589269763,1,118.54329665480682
-0.34131918490838387,0.30494049644980803,0.30484481567519583,0.4685471619366134,-0.860389734604149,0.26605165926308166,0.2656224158049882,0.1977680065022994,-0.2740927272842798,0.30949383044066414,0.30938903049103395,0.14524204436469754,-0.007447351454744123,0.23868528971396735,0.23851283134361284,0.21316942450862722,0.31761252112128857,0.2747002567647588,0.27455116448169786,0.30596873395936686,0.3466968668747621,0.2616891476507676,0.26151668175198745,0.13873022820472267,0.31581358562138,0.13044635764541238,0.3143654491316459,0.39417681449165326,1,130.3854083408753
-0.7782732582550105,0.30256027494351856,0.30249963842109767,-0.06944974632972428,0.6419761084428168,0.3231538951285844,0.3232954709051473,0.7413827348969473,-0.8321788216483039,0.3457034855111149,0.3456501059926876,0.4108173945882569,-0.6627873777581692,0.3205015891626963,0.3203832545887176,0.22549844887064238,0.881848057497983,0.322149499446067,0.3223355470708293,0.4211738734337714,1.223619116435153,0.3464051645031535,0.34643707358933,0.600237525222559,0.3941998677828357,-1.2717799776116174,0.3908120552615335,0.28729048495595244,1,134.59235419989764
0.11839009043988233,0.34047624768418766,0.3403820891961316,0.4485183206286801,1.4457688941647642,0.36516070890794766,0.36593986806413514,1.5001216232386847,1.9577335216279694,0.3396323057323504,0.33996732977441907,0.2372118841341121,0.6162121780972879,0.32927878006787803,0.3291812704157609,0.44196841541248005,0.28300288983959204,0.31508499049151556,0.31492081814617773,0.35301005495925253,-1.245753612476852,0.28692986594350944,0.286996438970073,0.3334857083710616,0.328533002993004,1.2990175014514864,0.32905216469181237,0.3655670240987246,1,121.58884139515143
2.0170555512491393,0.3317092072745514,0.3320347978542995,0.5380487844612257,-0.0987169009125059,0.3795003544504673,0.37925471474362693,0.21378739996571053,-0.10273699452323738,0.35627433278673687,0.3561671047419636,0.5288675877965616,1.1719784080069457,0.41482263052068324,0.4148806052271052,0.5550349981007345,-0.5228850422143484,0.33274281764766056,0.332365069863415,0.3081382971513826,-0.595469533727654,0.32458806591186073,0.32446578196127807,0.3118178585969467,0.3783588917704667,-2.2894033736529167,0.3735066486209241,0.35726812963370314,1,120.4671347157801
0.758343830687607,0.3015993046054624,0.30157219214935155,0.11760334315546576,0.4213242267546344,0.41022359501510375,0.4102236237317402,0.21867074992259347,0.33990128846796885,0.3060830455497485,0.3059964443354992,0.28700749094786165,1.3435341602433555,0.38620907383038483,0.3863316224394661,0.19884247959059181,-0.8456977951686555,0.36198228685923006,0.36160374965617076,0.32488810100102855,-0.7907511228032613,0.3781849917618823,0.3781082917042196,0.327076995592987,0.38206607486110755,2.6343128861945346,0.38533644390160027,0.42612310839880707,1,114.82313877016298
0.22580514262879334,0.38857775607036443,0.3884897217672402,0.5904022168702108,-0.2516472444142986,0.37255668962629,0.37225708717147243,0.34402686164339885,0.46371511015083444,0.42109613424025627,0.42102313791568574,0.2796368613114492,0.0138351497363363,0.3846515991108218,0.3844898706246556,0.529513568062495,0.104838977163545,0.38837440315416843,0.3881407988126623,0.2550274925437566,2.2578949610430046,0.32003272089714085,0.32060072045361554,0.5657569537605255,0.3744983998558104,0.34255679729318395,0.37351319735035854,0.4603820198033878,1,115.0788872285272
0.21770583681438307,0.4162135921001307,0.41612514116043414,0.6377013404600498,-0.5216281058317767,0.3513493660324641,0.35097527541375184,0.2714463876201434,-0.4319146428876852,0.4612816182249846,0.4611857783072444,0.37766222990271103,-0.3897829943294459,0.43915440753212,0.43900874711918,0.5972412075571453,-0.5567536699703897,0.4405710425111348,0.4402005900487101,0.30036819399771914,-1.846096761539428,0.48684330345154897,0.48718493695880144,0.6047102079511911,0.4049977309941788,0.1647467055834341,0.4037972685001984,0.4763396591399891,1,109.75691456744016
1.1900113946581694,0.4260829542404927,0.42614252245474205,0.6965358824595674,0.9326668804904793,0.3512544230379295,0.3515987402154201,0.31654539767719675,1.5197390301890965,0.47722187204701233,0.4773860483864407,0.5376739606205984,-0.27041917930815706,0.3823483361706918,0.38219043113009366,0.26646636980342253,-0.33442964137143777,0.4527537022560549,0.45240978807884064,0.5031402671557031,-0.8589079026837162,0.3941206265528538,0.3940620787385013,0.1552500295004766,0.42362478807262505,-1.2968040954315418,0.4202874858512446,0.38867174702883983,1,115.61459050516903
0.13502247433622774,0.40627699464740563,0.40618389679217953,0.2834224490988156,1.126047417032788,0.3821315214925886,0.38262550102357173,0.6199517773292459,-1.0145421314965468,0.45761422319536516,0.4575912993750379,0.5965828561380361,0.4825134611748147,0.4626997460171599,0.46258573089157523,0.31334551267275784,1.0024922975774382,0.3807011921494293,0.3809711963448134,0.40789077742759683,-0.8925240735240907,0.3811096414978917,0.38105971897562524,0.3635737334228289,0.4684131065925671,0.38799815134440696,0.4677071355773559,0.41616840370511765,1,121.0179935287797
1.884754121509198,0.41175620164134097,0.41202802826486623,0.19398260638707962,-0.40110897592044215,0.525457808875844,0.5251088183669436,0.36325415626127366,0.3042551323670561,0.4901927259363909,0.49010398143932715,0.40625077598835685,0.5701958199031865,0.45571137445249377,0.45561161913339143,0.3220591885778643,0.006000978905641447,0.43677548845179526,0.43651126272460716,0.3164804889067187,0.8335078850709294,0.48168301284882387,0.48160446512759203,0.5783076284585466,0.4648739934157061,-1.7335489036846492,0.46105648371646685,0.4378277606988805,1,111.50717340358968
-1.547430094745069,0.4637139536906926,0.4637986059234718,0.3052579262509125,0.33225427244352485,0.4958044062035829,0.49574989090575106,0.513975770422495,-0.29518482477999947,0.5031762676669409,0.503073661815851,0.9653309684267501,0.37019565582094316,0.4957866218065893,0.49565902113186294,0.6491117152107718,0.3798784231657413,0.47552228596170293,0.4754061574152558,0.6054580625337956,-1.2689305681472325,0.4697477536936124,0.469823349692503,0.27612043415078374,0.44552504206110743,1.5989043051876572,0.44673959141739017,0.4500419275412894,1,108.95679203206257
-2.4189843956177195,0.4403931843187392,0.4408486411339555,0.34884945622891494,1.1931515165794204,0.5729351955338698,0.573461287182879,0.7673997893807031,0.6464503988405335,0.5108905989569191,0.5108426107684164,0.8197960653087523,1.1031396855376776,0.5216598666371092,0.5216958702827014,0.7380788252201412,1.0684569854862949,0.5522940217312777,0.5525967220889003,0.6584335033008972,-0.25502781513008915,0.47861098257926266,0.47845213953552745,0.8893906868675631,0.4929325704422366,1.2972769439631477,0.493731708224773,0.7674000078175379,1,101.87267330999968
0.12402933626219824,0.4528874652538667,0.45279404982131066,0.7615577147473823,-1.0370283644840093,0.548160154270198,0.5477123026618191,0.5113529885871272,-0.9931391737971929,0.47564475278766727,0.4756178986185815,0.2837588827589228,0.13169958591741518,0.5074853237664682,0.5073370539294395,0.5506535166245978,0.9500434838423925,0.4546842165555997,0.45490848905919173,0.3596677484607636,-0.03199907811960022,0.4747304494628774,0.4745597419276218,0.7063682736885455,0.4710595276178378,1.1976549541959425,0.47165346710882816,0.5164666189827495,1,103.71339002154004
-0.34547606167840267,0.5313670574889079,0.5312725544060474,0.39503576242973965,-0.08124410311783825,0.6530324506045028,0.6527823174214449,0.908698253528101,1.6181912240866947,0.601306937439593,0.6015014629127109,0.9307955610926918,0.6432807051814285,0.5396985820296387,0.5396168316110146,0.7146085389815097,0.547522561567277,0.5413847259832534,0.5413532758484733,0.3942010689258234,-0.7451889974187872,0.5264558587760665,0.5263755399290008,0.4278004187803327,0.5744375539684049,-0.33507756172650666,0.5729182517203089,0.5197756478699997,1,104.14711299580615
0.5373873190633246,0.4836907122698827,0.48363188679892893,0.5543784652286485,0.7068235800466689,0.6123707485889438,0.6125305099793343,0.5169684316805654,1.6119544064443887,0.5407507345968626,0.5409446879374074,0.7327632928983299,-1.0038860544655515,0.6000609498607781,0.6000266071525888,0.6507483811035242,-0.958178758269164,0.5256792715176731,0.5253250637564014,0.743423229026705,-0.2373761552833123,0.5118279265524437,0.5116700493449001,0.44262762959682445,0.5233210829122587,-0.6104832059078975,0.5212576520823189,0.598560758757061,1,101.83180075527213
0.4449114621440482,0.5889439372113592,0.5888748860922667,0.8105923044224603,-1.458703314624729,0.631590373671396,0.6311550629953029,0.5224901324586511,-0.1530985461002032,0.5300413776906183,0.5299356857017249,0.5579045721261829,0.8801108895851696,0.6201753928989352,0.6201501548008859,0.7537883957289179,0.06704667052860963,0.527662727823492,0.527423411643925,0.37176772437520267,1.4324248749041957,0.5301199628740466,0.5302316094756094,0.7286825541610666,0.5523848777662751,-0.2102938776950395,0.5509857265754188,0.38897954806405366,1,102.22713229270738
-1.429335907292461,0.5546335537391852,0.5546878356831758,0.4923904223059007,1.0531110910256083,0.5230891440331608,0.5235077147423066,0.2177314869125427,-0.33587714582053135,0.5732558154529976,0.5731554126883017,0.42593428411117945,-0.46849975256673154,0.5869817395797963,0.5868532533808939,0.7482828322514339,-0.10129918862123935,0.5790457961119401,0.578760542745413,0.5874470007064269,-0.031579414780617786,0.5465271119174709,0.546361810570915,0.6023327849440616,0.5817310442395048,0.08393903199888546,0.5808457931133055,0.4413992537405259,1,102.03082443234982
0.27617022713582595,0.5627319262877486,0.5626479752652843,0.4223409831329875,-0.3337242250381472,0.5474426006226948,0.5471117972162297,0.780838357223469,-1.923726621834914,0.6136218310629944,0.6138464422123464,0.5210095135764159,-0.4066438596863318,0.5685916342923505,0.5684560237776646,0.5182816946448177,-0.9138139572752177,0.6092098723176986,0.6088589141532216,0.46864505468209006,-0.8457088173207072,0.6063201389677432,0.6062672463630322,0.4611772709541555,0.6314935161955717,-0.42376924785577086,0.6300138143160384,0.48609934333937355,2,95.94058859807996
-1.5174226017722228,0.5983520089506044,0.5984270871172181,0.6093650916260176,-0.05702902163743524,0.5535504764972632,0.5533137192643943,0.26768587643681646,0.4588933758446298,0.5866478155664505,0.5865749194793568,0.4209756943374742,-1.4545938456079297,0.5801578384399646,0.5802609551586797,0.537351724102181,0.03596616220157635,0.5548031333430908,0.5545553662185965,0.47287966856285,-0.5893572508883417,0.5505166354174836,0.5504064321670207,0.7118308309170746,0.6054163224577177,-0.9472323261388841,0.6031249046858144,0.5653290351785379,2,94.99039930113985
0.07022371946360507,0.5937727188376495,0.5936777395354024,0.4335517741308971,-0.9282824136434427,0.6424794002388805,0.642036277158315,0.3520993546866867,1.5892820728645316,0.5906762200765281,0.5908610649073653,0.47535359210198164,0.4953854215647446,0.659371768468373,0.6592711094317889,0.7685949844778599,-0.3395226834321303,0.6304913648401574,0.6301616955563645,0.7114514712477898,1.465680767629241,0.6641035682822253,0.6642279181130722,0.6374053794982011,0.6204494713942778,-0.029352494959016557,0.6195041375802578,0.6428929192771394,2,95.9815750501231
-1.0854313315049355,0.7414068173107156,0.7413902372103897,0.5189081774973339,1.2862809844719647,0.5896185310407298,0.5902214970299273,0.7477726038103502,-1.2406244919689937,0.655659011561819,0.6556816802931225,0.5708557244570993,-0.9501061173737905,0.6221064150511322,0.622060193014711,0.6051009916296259,-0.8231316268990269,0.6968652013685759,0.6965162782458492,0.5911572067092197,-0.323938797662904,0.6518466240454421,0.6517064678405815,0.540790422602437,0.6458997810151614,-0.48800611273707695,0.6443729301185708,0.3969425482255055,2,96.82326165728584
-0.4096907918458382,0.6439148652081844,0.6438237378518616,0.2732939781665652,-1.6862015964456734,0.7043918363751095,0.7039884398182745,0.6884045225724478,1.620050766042022,0.6155318669340141,0.6157266645374986,0.6742316420898363,-0.7038337322342715,0.7059906766216102,0.7059006289292915,0.5873522841312132,0.22557535130039,0.6343506371742124,0.6341734368794147,0.7593650518711365,-0.7306289896863146,0.6098296085873157,0.6097504025543077,0.39211814191947847,0.6763855335726179,0.20693340511038424,0.6759413579547989,0.6428368285962626,2,80.54044780689142
0.09208679167338538,0.7116327606641606,0.7115391297924,0.555927223483323,-0.4379800446993688,0.6994652780585648,0.6991016860666422,0.6943883846352363,0.4693638269535113,0.6319138391172956,0.6318423317579261,0.6727758077270195,1.7520901187315652,0.6839131009341162,0.6842050191003852,0.6665235556611803,-0.24600276039696567,0.6881492443716767,0.6878403173506015,0.6789206102433147,0.9433360698963479,0.6812877511907417,0.6812448613430574,0.6177153050877593,0.7091344226991554,-0.675316969738237,0.7075464108735088,0.693777010361691,2,85.07378389497936
-1.4393820374915056,0.6943727936304455,0.6944278223692016,0.8748752481740237,-0.11363151717987889,0.6760409861240886,0.6757779247978214,0.7244436735364658,1.0681186557070996,0.6705858155086969,0.6706192879924279,0.6702222740824859,1.0668677198968628,0.7057831680928909,0.7058116510214151,0.7874254960534504,-0.17236695865104318,0.6768941690005483,0.6765993421728385,0.5752994699765822,1.0043853445697843,0.7163103946262188,0.7162846089711853,0.6033049723358173,0.6979280891571326,1.992269689314624,0.7002661015804256,0.6848256254164855,2,95.58703025128816
0.04897565856071558,0.703472246279772,0.7033770619392025,0.7590250398273243,1.1561127449357806,0.7336944127621737,0.7341707493731339,1.0089692113781288,-0.4742555424754435,0.7280547170662013,0.7279635147905503,0.6898993622587224,-0.5359176870890487,0.7331065148516983,0.7329947940501672,0.8112427475288542,-0.29102267864555115,0.6659694382548391,0.66565060304198,0.775576445641412,-0.10328322995076412,0.7401726447546799,0.7400239355644076,0.915670447977235,0.7128340911873702,0.3387417907925789,0.7126843214161618,0.8121376776118819,2,81.96504576781291
-1.064786779017839,0.8034093522003359,0.8033891092887275,0.9377013811755546,-0.507298781682831,0.678168110165337,0.6777885713309557,0.8253912837159504,-0.5942194276979695,0.7812795389272388,0.781198689670855,0.4706799239766506,0.03327618446683002,0.7576989301038886,0.7575638330999026,0.5624740535374467,-1.5820026759547143,0.7772835828363818,0.7770912739070497,0.6245771884406495,-0.5786387042154406,0.7789152908535838,0.7788171816785882,0.6479435855433724,0.7655798660041221,-0.40085375168013127,0.7645478980490819,0.6847581652554305,2,82.98433279870525
0.7446951995120072,0.8668094876805135,0.8667787656908267,1.131874318388881,1.5975177841469723,0.767822003061183,0.7686824929991912,0.9473347317672186,-0.26956177475408405,0.7718014008362405,0.7716999120841673,0.6624430050822004,0.40416926363065625,0.6994194978712005,0.6993087567798709,0.7474134190408998,0.5845093985441367,0.812878829807026,0.8128670293359944,0.7719174976764202,1.591890969868126,0.695421782238789,0.6955974810098314,0.7883439366931864,0.7490920733120024,0.5520660010094539,0.7493546070476426,0.7537068865351025,2,85.54980972137506
0.5496719708000107,0.705814638710349,0.7057574245389093,0.7720144257898344,-0.522633679756321,0.6332344380653462,0.6328526447624709,0.491800577641272,-1.7652129405579042,0.7871412427712888,0.7873067753450419,0.4533933513828674,1.2097191533983742,0.7439159165514325,0.7439895883676504,0.657008061467598,-1.1772619787625473,0.7330153689443508,0.7327114044691159,0.5918238463896199,0.42160535935945265,0.8225881157469495,0.8224627025559562,0.6734538454184728,0.7861162306772335,-1.0656736719836124,0.7842663875747915,0.755063108426972,2,91.23881659228503
-0.40660119961402563,0.851606722541716,0.8515163153584119,0.7466663893796421,0.007170112126140007,0.762116798297968,0.761896604562292,0.7144126084111576,0.5017176315807441,0.7765307674028529,0.7764636391904381,0.993226048972108,-0.875457618068158,0.7929613946862285,0.792906946942165,0.8316987140527745,-1.3738540742614387,0.8167339786365196,0.8164807080184902,0.7965653995904265,-0.6131463397336319,0.8177632935288457,0.817673349947196,0.8931840860223285,0.7909494030100215,0.5734758363019947,0.7913620696159409,0.9510117904774598,2,79.59674565122555
0.011739735213400932,0.7470812234308226,0.7469852023667098,0.9188218788899482,2.0452977285171814,0.8902318701399384,0.8915302868668084,0.7592285098012576,-0.7076018172524916,0.8610477224882535,0.8609792553899356,0.9335488011033123,1.2174980518621221,0.8357974104310993,0.835874872609574,0.9021536372664961,-0.6094393620658857,0.8037178382722753,0.8033780921319373,0.9533342381757984,-2.1132589435047104,0.8455309359463946,0.845992190367843,1.0462099692678035,0.8129793693068637,-1.3141647232239293,0.8109052404662154,0.6714594114257249,2,79.84086949302613
1.7037449811199268,0.7953107982350256,0.7955083044142836,0.9910759687489116,1.0415007803023033,0.8716277235226105,0.8719993192258234,0.9037429666162856,-1.0490111058225147,0.8370049961628282,0.8369877386462079,0.7833083924880058,-0.13121799541638668,0.8186221258564235,0.8184900706397449,0.9163802588278195,-1.5661080285441085,0.8787182287368659,0.8785260043568165,0.77542381805091,-0.9062876091472085,0.7995259710585361,0.7994967197565436,0.7027959435831784,0.8292843640221886,0.14995958445064997,0.8292125512273779,0.8806010775869791,2,75.71674646879993
-0.6598421745004782,0.8849310102879077,0.8848586513880602,0.9833651481210027,-0.5486414798023003,0.8088923212874892,0.8085003805616208,0.816222992284122,0.21782022238108165,0.8523557073021211,0.8522628247125877,1.0118800712391973,0.9068299710279836,0.8300083007848161,0.8299975092752265,0.8631447031514814,0.017252199937240687,0.8424291577925235,0.8421938930889924,0.8737629824685356,0.6029804534786924,0.8137591181109693,0.8136559328144939,0.7629116041657852,0.8445566603326093,1.077471674523736,0.8458525636343254,0.8325456965478282,2,80.05010743353105
1.153987346940493,0.8153853936072311,0.8154321573999433,0.7775357306406097,1.1984252520217216,0.9142212937084083,0.9147105124398598,0.8048106407672811,-1.3507518109450987,0.8494793784634117,0.8495263307709328,0.7635034287601637,0.752846974778584,0.8412689396165046,0.841223880908139,0.9818850457772588,-0.9198608774618985,0.858239985969232,0.8579121151006427,0.8381915527093725,1.2099845334943296,0.8882004681068374,0.8882390396436673,0.6875754476763659,0.8809603313671017,0.599611371768224,0.8816760020156349,1.1653503657558868,2,73.41100414677263
-1.347221946553573,0.881299732609822,0.8813323560882804,0.9591433772458369,1.3627292038850545,0.9392932210700116,0.9399160163236706,1.18524762580165,0.6801957444646537,0.8565032508441656,0.8564608339426254,0.7757596539067118,1.0182915457462443,0.8472506293582648,0.8472692373664297,0.9674079962368387,0.8639171216042619,0.8279783918805873,0.8281236487092059,1.0198687929765298,0.4638782742031193,0.8164569892333565,0.8163356901348714,0.7697519500692175,0.8859296119268953,-0.5605283161241403,0.8850850240123266,0.8626272562439119,2,76.30845122067242
0.45533756302030226,0.7756783920424514,0.7756107443852991,0.615929310872549,-0.6936087554759953,0.8260155970706919,0.8255965857873655,0.738546489504829,0.008923831187629303,0.8835780974388043,0.8834763446173306,0.9580408643875392,-0.9029783442264873,0.8960578643493887,0.8960139687033299,0.8592409291548365,0.8279240557427205,0.9452692885922993,0.9453895725891592,0.6761625104969166,-0.3605488373759833,0.8496383132083374,0.8495157975857398,0.9366964130445125,0.8937305481503409,-0.2719909520885335,0.8932933736248432,0.8619042830024927,2,81.93567920300123
2.227308559011003,0.9598074398886941,0.9603551342480071,0.879034856337425,-0.2108756856255371,0.9296991782812976,0.9293934329534219,1.5545412174625575,-0.3254562062282365,0.8836727387135048,0.8835741299463066,0.8146443775924774,-0.23141259404810358,0.9720727677114929,0.9719539616770393,0.8760703137876903,0.12496087303698522,0.9568508297199049,0.9566550319669277,1.0220230174459475,-0.4799813840473063,0.8761929299725096,0.8760864189954358,0.8508143572771333,0.8912013544221619,-0.7392149789821556,0.8901426959743874,0.7837537057178714,2,71.25717416811463
0.3819694460751168,0.9329925962765352,0.9329182874271957,0.8304674257352943,2.1635342683233634,0.9445056425023703,0.9459245664748777,0.6905516195668865,-0.4393332429424969,0.8899467408149683,0.8898542102542524,0.6305387987894389,1.0217037557810136,0.884565275772372,0.8845859668323771,0.8451463725394446,-0.3609220610212743,0.8804472098294772,0.880135999509022,0.5916662492314639,0.5070565793232406,0.9556037147720448,0.9554970166325539,0.8851688184112312,0.9291029995774606,-0.8881914517183995,0.927988972156049,1.0214520868055843,2,77.05549284409943
0.23282722694120947,0.9428258225921905,0.9427403021418727,0.622595463145007,0.3527538210038382,0.9692103095462965,0.9691380000270872,0.7938573002879059,-0.28924064990707915,0.9807080328682338,0.9806087556665721,0.9137333018776594,-0.11882860584775594,0.9439211629011627,0.9437977746786596,0.8186309556409895,-0.6122356400791238,0.949180321008961,0.9488539353846532,0.7000699178919559,2.0791755525446467,1.004234256569764,1.0046279543225243,0.9300174601280501,0.9042982675637581,-0.5162353952816853,0.9035750689237557,0.9326532823917102,2,75.38229620926234
-0.9880712667899803,0.9102079362295162,0.9101753743435014,0.9632835870578902,-0.23764802178671426,0.9747691931492485,0.9744534371725646,0.814545080484098,0.25086078453743327,0.9175698623778087,0.9174796178272154,1.01043516519384,-0.235248045571408,1.014259992644282,1.0141442658259952,1.2532588631133663,0.13523921634293687,0.9797326296549409,0.9795414425829113,1.0848015050630266,0.17119175316070195,0.961651303636964,0.9615190916751036,0.9877648862400598,0.9673355411716041,0.5204828681150083,0.9682097835650426,1.0335799374038632,2,72.51309017785991
0.09920296181828817,0.942014442529359,0.9419221233932741,0.9950234058526616,-0.04195875609343159,1.0636066643026927,1.0633547739772478,1.0173866707096755,0.46110727753035685,1.0261251718829165,1.0260543911097686,1.3237767160224254,-0.01167128594550414,0.9615361235703301,0.961414319694055,0.9193169977920507,-0.04207267643565393,0.9648137774222361,0.9645710605186182,0.8146954018725538,-0.4904513353078737,0.9799366724667828,0.9798384704818245,1.0241644286871494,1.0061685715473103,0.0012640610099419172,1.0064743989480294,1.215872116442256,2,69.53000341240482
-2.1208462173996923,0.9527021151235472,0.9529492214229813,1.225686661448967,-0.5865028691758998,0.9333541663880772,0.9329515018293476,1.0778338751912908,-0.06359548707197898,1.0465510564161036,1.0464494030975477,0.9733054234526558,-1.046919921678279,1.0542748811135125,1.0542690934807268,1.3385531360541048,0.07246464667110214,0.9994382262916806,0.9992290785970875,0.8139133803955914,-0.26857908424238686,0.9871388414462443,0.9870178766710146,0.7242272068722702,0.9997540188607826,1.9563623240557755,1.002767627939984,0.9413415958519868,2,68.73750107279696
2.227308559011003,1.0476492012778025,1.0481725443748102,0.9080080673847535,-1.3308055794755822,1.0170382821310266,1.0165846072286813,0.7311926464911629,0.5244766316270839,1.0571980028530206,1.0571346520009028,0.9765983049708228,1.1740137536137067,1.0270987192117005,1.0271664288945823,0.937067278188612,-1.5941961054030112,0.9951995571099488,0.9950231604585813,0.8455774115170931,-1.613851133064401,1.0870197498802159,1.087229536788536,0.9544312105341177,0.9811673218443538,-0.634122971263715,0.9805638120236192,0.9749066138037867,2,61.20316020133609
0.3711943929860287,1.03754181807693,1.0374668522780417,0.9892458276137432,0.5441288204622073,1.081580298898205,1.0816045575126685,0.7871716536274084,-1.5499704342550829,1.0526086084035102,1.0527048551941949,0.7465207690014446,-0.9983591084524698,1.065810234632405,1.0657942114294738,1.158200640326256,2.4121267535367337,1.051930466286776,1.0534140283238187,1.0072899581347554,-0.27814895750199436,1.0757435241145388,1.0756297301323483,0.8853738556944305,1.043248541038024,-0.023554442160463922,1.0436501169120735,0.9653591372483411,2,62.5879953153713
-1.2648040473505975,1.0295255998067483,1.0295403005645636,1.173636622200289,-1.3885878791220334,1.0718703138255807,1.0714196052394038,0.864071422065591,-0.1430234080885956,1.1398248018891264,1.1397237729172636,1.5321094021679122,1.5939592706048673,1.0871967231111177,1.0874088679276124,1.0800041144657486,-0.06240315630698335,1.0843461911655394,1.0841072088484158,1.1784487643004473,0.2431100371126385,1.0337056584536322,1.0335819339539738,0.8789469928693636,1.011538643953108,0.17198946558555714,1.0120881897125422,0.8899549229150193,2,62.385063808379215
-0.6278041035452344,1.0509905341935557,1.0509157412150127,1.1399641151346072,0.7284590646959388,1.0395330335509188,1.039671621868223,0.9914946980225899,0.4813838353477124,1.1184966151938804,1.1184284796567499,1.319416397386036,-0.5569470048680254,1.0342260291619514,1.0341357839080476,1.14116837587629,-0.8635900250988041,1.108022064628455,1.1077131262379538,1.118021247823372,-1.2759513326887546,1.0786927146887089,1.0787791539549372,1.2110936024460646,1.039699401320292,0.8595245950212423,1.0412691746061031,0.9871373698913999,2,64.1681641158828
0.030337223959371107,1.1519785909569256,1.1518849695868358,1.347382840812618,-0.08934821707367817,1.0766179280652102,1.0763481710965221,1.2096891664795653,-1.2463084859635027,1.090361942838995,1.090383260064293,1.2357220579694743,1.01638922315487,1.066257661065435,1.0662830030661319,1.0849704087562468,-0.1434431058551491,1.1701217485582063,1.1698715131759496,1.3757370994331464,-0.01311678501182131,1.096814835496756,1.096690786792922,1.256545362861971,1.116496150579399,-1.0587266033151954,1.1158778316201097,1.0365787918971963,2,67.88662677874945
1.0664253025941357,1.0452348933076707,1.0452608104858785,0.8953539194595623,-0.4550502158099447,1.1063259089918949,1.105946920527121,0.8030633632385487,-0.6483410687909297,1.0729434397433246,1.0728694113884298,1.1024433502081394,-0.6880729553773978,1.1014686918541527,1.1013992693047143,1.2405943581008625,-0.36685824994222926,1.0654567173038811,1.0651608929203127,1.0388309506329898,0.2693912661898829,1.15150755103467,1.1513939841567715,1.1901159421327514,1.1220302719018787,0.3145485367298205,1.1231461199759085,1.0327087593062807,2,54.067130624916246
0.32463773553849506,1.0663771475252954,1.0662984751424318,1.3530125459774875,-0.3378384581102911,1.101454531802153,1.101105448758778,0.889454820088515,0.5581182928879551,1.1013237859456773,1.101264759902445,1.029149304009801,0.23616855797730696,1.1415554136275017,1.1414571215013445,1.1128492603437043,2.1641689271516906,1.1244565753839049,1.1256446920596448,1.0036902492052928,-2.162709770836209,1.0946122148251585,1.0950814094051868,1.2453863451506089,1.1172809936345942,-0.5310515926704409,1.1173069112829035,1.008947043961606,2,60.00668010008454
-0.5675328917268945,1.1257181886365848,1.125638784110806,0.9875597445405044,0.8074212593455381,1.0549476242754983,1.055136149555712,1.0690461620304388,0.5365253755445395,1.1676414558213526,1.1675799684225838,0.9493459147134297,0.2664126468128554,1.1278946357927735,1.1277977207388952,1.0682277813230938,2.0709044580991582,1.1584835450164803,1.1595673797160664,1.212454437687149,1.350175326373988,1.137534655902907,1.1376235901867808,1.0706095935907523,1.099112443858298,-1.1216289048142678,1.0983511518401352,0.9184998915762909,2,50.745470526948
0.453998688752889,1.1202376633553606,1.1201705343730888,0.9534924582737518,1.6039466843875363,1.2538639116185166,1.2546568702783545,1.266803278735142,0.5398116186265605,1.1359206726414373,1.1358594752978393,1.2239358379501268,2.7159663127275198,1.1794563132573994,1.1805143984284476,1.1146508817233882,-0.6835752700859924,1.1762003447379472,1.1758934451963532,1.254933837658859,0.011659041497076271,1.1037288752168863,1.1036051293369111,1.1059461013210918,1.1543449617189532,2.2538279011859923,1.1582246291012421,1.307915687589025,2,58.91678044091543
1.4341334875175804,1.2020093277787296,1.2021195510010396,1.3218026047725757,1.2028376017766258,1.1625202119248013,1.162984388878938,1.0496217271342432,-1.20059390489329,1.2388824962500602,1.2388935073595089,0.9929155817469056,-1.2893298723588236,1.1779294159461082,1.1779891264998354,1.1398721142402937,-0.18042463544449824,1.2080787216005369,1.2078242962234422,1.2985072613598418,-0.12245256029847162,1.164861235537682,1.164745051105927,1.2095337457307833,1.1988939942483563,-0.8761530313609834,1.1988159408148653,1.1645332450646284,2,54.61714419278783
-0.7932795151075925,1.1951099947056967,1.1950518889173296,1.1844748010128745,0.3580127071815049,1.2318997962049543,1.2318149714145934,1.443367961573542,1.1181561814155567,1.2291627892273667,1.2292037147771842,1.3248992266874773,-0.4797208158790334,1.1333090332801297,1.1332172857810807,1.045567728718242,-0.34074805044849155,1.1721361451107923,1.1718530163465188,1.236765138558692,-0.5163716703581664,1.1305105366263677,1.130425827028915,0.9895521345493948,1.1609621305004687,1.3478556365658672,1.1635879887284892,1.4659742781999592,2,47.23397591324857
1.016893670669692,1.1922852729500586,1.1923003190702153,1.0729740332619737,1.3645241420198833,1.1866635423854428,1.1872561419108871,1.0057958419487578,1.3973301382811203,1.2109641304780536,1.211076898651396,1.2110224850216544,0.6443859216485021,1.2021763441425726,1.2021300921186862,1.2037189485565765,-0.31930306494278804,1.1731264012707523,1.1728462727783917,1.0544043222097121,0.26991060065814665,1.1742710172505482,1.1741591638984705,1.120528306428503,1.189752198078505,-0.8831333470049306,1.1896298890582262,1.074118856067522,2,43.61864153532139
-0.14736556613381668,1.303023959191329,1.3029290050911058,1.4657908005093347,0.27337438042679185,1.2580370919850898,1.2579097017081327,1.3257154276525183,-0.17502427170184248,1.2438773737108344,1.2437774476866326,1.1695591320130514,-2.010906691636449,1.2039012635744608,1.2042182403236514,1.3112420762021717,1.0889665391138534,1.2686723016157662,1.268941027615681,1.2422029324041015,-0.22958802090678027,1.244672908561066,1.2445680673578976,1.3254726453339696,1.1667723558546235,-0.0734896520026673,1.167551803725037,1.2179576402350392,2,43.03116767842198
-0.11699516945498828,1.203362628795274,1.2032671583808887,1.006267661937359,-0.9836541344993979,1.1829049457477874,1.1824475667573289,1.05260560206654,2.3724753480440017,1.2719837172028061,1.272458574129995,1.1992247442017427,-0.6458385178182966,1.2341908770636305,1.23412383756241,1.645019597956777,1.6132095236695314,1.2460065373315257,1.246657375025212,1.216110325614491,0.08159536150349836,1.2617593084471594,1.2616476925924385,1.4908940619401032,1.2420769414146955,-1.2382484697151641,1.2417506175140034,1.1023269649585101,2,40.02638583924482
1.0150522578945793,1.277435880980111,1.2774500504927908,1.258400194013361,0.42871934297274145,1.3134242286876563,1.3133707259403644,1.7007340615151711,0.17046346536342494,1.2044769213561368,1.20438368167413,1.3307754332139954,-1.8605331303761707,1.2750793793523796,1.2753321055361069,1.18160078571063,0.6180650476789844,1.2565089100126337,1.25651913129543,1.1942654994247517,0.718094590316599,1.202257019388793,1.2021964428400762,1.3617040013283856,1.2726448823532186,-0.3501314073882682,1.2734828644129372,1.220466170233969,2,40.68863631897369
-0.9950109207451956,1.3117204888998426,1.3116883275154962,1.213733160774848,1.0037342188820697,1.2658577945617986,1.2661620785659842,1.3099444875745934,1.5132724190988127,1.2635004675357469,1.2636463565481746,1.6168128140828615,-0.11171072261757095,1.2696401872212701,1.2695396454622805,1.1855744696489996,-1.2572485300466942,1.2518641015561152,1.2516173044006802,1.240924882906394,-0.675562215740342,1.2843779358994418,1.284327100676573,0.9295787420812955,1.2840305561874348,-0.19604624200708265,1.2850985020330872,1.2617406236601687,2,35.01131621353687
-1.9465573038611836,1.25598433613257,1.2561667115434305,1.2691544827644208,0.4039668875691043,1.27050232833518,1.270438580888867,1.2006330606238176,1.1893387768438903,1.2309870573635635,1.2310448283587105,1.391172500072424,0.2922020694693045,1.2719829470868822,1.2718977536276637,1.170871434667618,0.2691009210452881,1.3402073739268454,1.3400805339064987,1.1138732771233535,-0.7940912931726122,1.311558497773518,1.311530630819692,1.205867985464537,1.2997017817188488,-1.2062754305041377,1.2996487458328794,1.5093181196751388,2,31.502720546430798
-1.134162745473117,1.393318773929362,1.3933080882488156,1.5421846781135413,-0.07331722519472017,1.2330440186092924,1.2327740173577364,1.4833133258242073,-1.0212681247856155,1.2480383141603208,1.2480157081584382,1.3889661984998944,2.7159663127275198,1.2861617340146345,1.287372570862789,1.2576371509363704,-1.874564902041527,1.2896663564273925,1.2896076663573939,1.4289680839231902,0.5998208797364291,1.2930407040613514,1.2929685176622756,1.2581651064279435,1.2539882707917078,-0.44087016074512375,1.2546448929760445,1.1961839545716462,2,33.661096340054655
-0.6703105956394284,1.3033500987090427,1.3032797138119587,1.1447009976331155,1.6319461460303988,1.2380240513958536,1.2388450023788469,1.06473348845499,-0.009921134887644668,1.364716287506957,1.364617830717185,1.1916351899339512,0.37509511104350324,1.3004561823570957,1.3003804438627355,1.108160986691645,0.5981946479983534,1.3264517313376492,1.32645432796983,1.400050282714137,1.388166269118199,1.3599292903802866,1.360035857065242,1.5208168684832029,1.3447637782444788,0.023392233092520327,1.3463306546802043,1.6136975533637934,2,39.484924345477
-0.6885159541272093,1.3657432289863247,1.3656746673067925,1.2965281531562682,-0.7712106355543765,1.3995796474499107,1.3991371711927316,0.8997585898705134,-0.8333159502999076,1.2870652765910175,1.2870140343186884,1.0499920993202094,0.9008391117936632,1.353371023680202,1.3533809738226166,1.3408141409838301,-0.39907133777696524,1.3688826166801948,1.368609922128767,1.3153292743317846,-0.8408225598652834,1.3512128296902512,1.3511964290017062,1.1493178294475004,1.3756017888662326,-0.22108411116863672,1.3769958609201753,1.3557404324427056,2,35.991318982444966
-0.3023711700273283,1.374987811942073,1.3748957155107941,1.2344140034498141,-0.514484621277425,1.3857014055351302,1.3853019517162808,1.655058476945642,0.3368186580995805,1.3783460371906235,1.378265179181284,1.262436842567282,-0.9300947004959835,1.3499972108927263,1.3499813880686542,1.377359688019519,-0.7541379824977174,1.3112677621195463,1.3109736911149714,1.155905761155278,-2.4594338701805256,1.298094731544422,1.2988105837109807,1.1861698408096677,1.366686714584121,1.9181594677265372,1.3707545458183892,1.253195372198359,2,29.94564548671758
0.29304839365909807,1.3390763131764631,1.338996219766558,1.5884369200845176,0.07697876473201186,1.3375589084907475,1.3373418389167804,1.5341028175803708,-1.1818897859564785,1.349370367054571,1.3493772079136892,1.0706252156828269,-1.428204322509706,1.3759821413708746,1.3760866960080507,1.2242836823535288,2.2649352236093274,1.3610601189242497,1.3622890570811665,1.4561686205774806,0.19820711800409666,1.375032166248913,1.374931908149302,1.535653657924412,1.345338831396488,0.7184771926256817,1.3477676847259135,1.2097136298995619,2,34.38215457455692
-0.32036844854788227,1.4101523286813045,1.4100609439986462,1.3532678228235706,-1.4125440544280652,1.415456438519761,1.4150008968306211,1.1245386840146847,-1.5054163790499575,1.3672613500648096,1.3673418708895972,0.9870539252804321,-0.39298647811067056,1.3507201206657449,1.350635952479722,1.4378955811809013,-0.47121429815804267,1.3667294716639864,1.3664498252601276,1.7697498471643087,-1.6961068510688622,1.4001213695070789,1.4003624482338168,1.3867005196124023,1.4200120157498517,0.6532881806254813,1.4226349675202805,1.481631984408725,2,28.444404695777337
2.227308559011003,1.434314815748452,1.4347189319179756,1.313643555710467,1.279436590740422,1.390683389354488,1.39118213561497,1.2977116137947693,0.21855613493709217,1.367831541931686,1.3677421531993994,1.1019869214677291,-1.2216439690906766,1.4331636255968188,1.4332144425040914,1.385883658049333,2.554597101366708,1.3937043922379024,1.395232903741338,1.6022000306862902,0.37766836656179487,1.4018438538102385,1.4017559555484165,1.1780596996374688,1.3659970791019411,-0.2163519859193229,1.36735896298709,1.4053923907480017,2,26.2456901899061
0.341854352739761,1.3619853179082857,1.3619089095831496,1.6282593785572643,1.546656146342684,1.4577903744213256,1.458503622422175,1.1139954238075054,0.2149837477020746,1.441596993068467,1.4415078885419066,1.2944628506367422,0.4997369175097856,1.407358926584423,1.4073040150637386,1.4468094671348672,-0.02069049972884569,1.4388824465762662,1.438679649357366,1.7852441297837434,-1.0694518571873979,1.4157747203866746,1.415813441523515,1.3676280236210876,1.4075296012222995,1.762002891520963,1.4115258808728455,1.4545668118410826,2,24.607058730158883
1.1093264804814171,1.5281479321469327,1.5281789758690199,1.5500805931191373,-0.8432662784004086,1.4471938688229071,1.4467423096704093,1.7982575374400789,-1.3573438661092767,1.3981517100906173,1.3981958603966178,1.3163659506609091,0.038876732717317564,1.4443445099736616,1.444257616773633,1.3648126048779445,-0.5825735161663953,1.4299393363171196,1.4296586056272398,1.236710908254448,1.3070428101781912,1.5519491028593784,1.5520376705289618,1.3070907116251793,1.4126466943975853,-0.8878113602396557,1.4134211446521134,1.2133232091918935,2,20.01890612865259
-0.6056498380840036,1.3912969537631115,1.3912213251350725,1.0178647843260822,1.7845011884350053,1.4564593688738483,1.4573900013725785,1.2077353708946004,0.6123992175202386,1.5027063909005633,1.5026556125251713,1.6693319481990923,-0.07065579737498932,1.4705740442824078,1.4704875267905693,1.3500101245090141,1.129255352724349,1.4426741274511057,1.4429612511159733,1.6142990339379704,0.05991305254579464,1.4780866099053371,1.4779911637298015,1.3852166529502472,1.4226079717696747,-0.3420454197294979,1.4240472955652776,1.2395278818211113,2,24.57082400648818
-1.6640256339274389,1.469152553982223,1.4692522919171542,1.1738007479511472,1.7194440927892667,1.4007546662965775,1.4016324904526256,1.1004247178089095,0.06665315581993729,1.489786290131392,1.4896907273606046,1.0927675267932888,-0.9946445452977781,1.5235472095403964,1.523552479958868,1.5236586878464597,1.8998148071507608,1.537624974830587,1.538474244458837,1.4121065333363776,-1.2455493489067797,1.4636449796301705,1.463733111988809,1.4339596122805494,1.5005206039057972,1.1115933750923732,1.504012172640221,1.519567813049921,2,23.131899032983085
0.7503105939471822,1.5634721975172412,1.5634412047786568,1.8135646787589879,0.7116644193311126,1.4950763518140584,1.4951694906447128,1.3553205688853016,0.15408968970783773,1.4950636221959304,1.4949716112166735,1.588371951552765,-0.9027890478840039,1.5276583747829584,1.5276470912117555,1.4795105467034824,2.6456904687078495,1.50232307954953,1.5039176316715235,1.5326684745400498,-0.2637856979995731,1.4486289431967505,1.4485413140861123,1.755907167370267,1.486335666609471,-0.43804248010442437,1.4879236433763676,1.677934133113097,2,19.700472587211262
-1.046475120387659,1.5721224379204672,1.5720974455775234,2.0173361703630692,1.0377669220320012,1.5266895619615715,1.5269931509646568,1.5477505681733645,-0.9572349653342879,1.561537532684224,1.561504680264962,1.4293971229578044,-0.15753782088411636,1.5026408431062326,1.5025572311361555,1.414797614726624,0.2370370415684948,1.5471825536143984,1.547057222348878,1.4299818537948743,0.11212746006017632,1.5194813136184255,1.519389584206984,1.353272833660558,1.4968067418753805,-1.1128732375018153,1.4976878233964575,1.416771338575272,2,27.045965946882745
-0.03536615900087732,1.5467557206354876,1.5466626307154845,1.3967848262107505,1.722420865450483,1.5241361514040073,1.5249981794540886,1.8393510536918158,1.05524733902128,1.4952783699893206,1.4953037675148155,1.62746035951774,-0.03627537384818162,1.5045127790083836,1.5044288323321053,1.2080830292646827,-1.2223292741173883,1.516616246791875,1.5163847720794772,1.4281204302736996,-1.683453341514256,1.5906572382703597,1.590893548001712,1.8250282436826937,1.51725234380581,1.235583447474978,1.520960541228995,1.5011588379810974,2,18.96988238393948
1.5442713600876004,1.5216900810362863,1.5218245406895976,1.879530912631339,0.8790659593813713,1.6239757105182122,1.6241633823244468,1.5454507473345476,0.9773258246691667,1.5565575016945696,1.5565667009204025,1.7697899511276416,0.2849600469004757,1.5815426003460749,1.581477585399208,1.5221420425798233,-1.488538919380723,1.4945206182625987,1.4943447526752882,1.5815056542346164,-0.4985466114791009,1.605879827057208,1.6058250683837496,1.6981339645650526,1.543122228791064,0.7697623010753691,1.54635460084192,1.487234482197692,2,22.38476292977504
-0.6837878749595756,1.5823341465977179,1.5822656757986322,1.4200784810425322,0.2407316383322724,1.5256173556895496,1.5254613269339488,1.4213869914599988,0.5621328391742763,1.5727534442784605,1.5726965321585746,1.2958547362578516,0.5567977423018338,1.5760628719951384,1.576025663536467,1.5313736233731143,0.7441541813375732,1.6049737599389706,1.6050496609687321,1.6302290901473564,0.9565364384051274,1.5934355173450474,1.593441528254691,1.3617557550912867,1.547742049631157,-0.593781423729757,1.549410065909426,1.3739753704402284,2,11.721753100928026
2.1664974005739692,1.6275807826709865,1.627912974138591,1.4732530509752821,-2.3214041779521217,1.596918890181592,1.5966671904225367,1.3474308605072298,1.1206375936684434,1.5937582525210576,1.5937973109353902,1.8347642816493206,0.3310510276490249,1.5285421859995818,1.528477342253529,1.5715931106861498,0.6678187388985206,1.6305217929336624,1.6305632419552494,1.6595381470727344,1.0011357342731506,1.5712747686812942,1.5712888091066721,1.8060772922737556,1.571098653724913,-2.2355107419339206,1.5711456519564062,1.427194128835876,2,4.975019798083963
-0.8945131715582473,1.6350654254284838,1.6350196212617447,1.4250966163496461,0.18128341953553456,1.5727258230926917,1.5725414996480631,1.680253464937849,-1.3075334283809863,1.5494273729255426,1.5494594407895914,1.3971640991432699,0.1630179670100485,1.6324183225409306,1.632349171574857,1.5859574942794057,1.0366107058672789,1.61843507671099,1.6186628223518975,1.5919119458266464,0.6671409378020942,1.605691339367782,1.6056490073717922,1.3991090303178213,1.6058617176695027,1.5128568569917487,1.6102434493238817,1.528228015427771,2,4.327602008580072
1.1340677894252027,1.640822806202428,1.6408580365325982,1.3970467958236903,0.7677699231322443,1.5929540917164788,1.5930740041138036,1.7625468389693524,-0.30527295998115467,1.639823697547486,1.6397298848342992,1.6567733911368538,-1.4573890986703428,1.5971501417903635,1.5972687959509408,1.6530407930883098,-0.3729833132000992,1.6481639239768653,1.6479189287142046,1.3126581291992407,0.5463954167034436,1.6136967491599694,1.6136399214042259,1.7368367283845143,1.6208138984792237,-0.017698373249710044,1.623433053677764,1.5837272673453608,2,4.078309068338967
0.5927957921252761,1.6262377267202408,1.6261863024593295,1.5807971821586237,-0.024565180770213333,1.6362366453168737,1.6359686770286372,1.5198071051705018,0.20100841880787307,1.6204620789846558,1.6203733912944684,1.488309519743865,-0.6310854667983133,1.644060684411397,1.6440175532519274,1.5382761822930504,-0.38082997719926237,1.6237849195331782,1.6235369104019621,1.6564356981710726,1.3863204326449867,1.6791183972902397,1.6792339843495507,1.6170964529069924,1.6792502627823207,1.4089223068246146,1.6837797573341569,1.7891930645553002,2,10.24440983687873
0.7036433753427737,1.6768284915364475,1.6767909542502089,1.648765926084868,-0.17934581847325484,1.722695523962245,1.7223728876398288,1.311504333237139,-1.3719647209963697,1.7581421659263485,1.758187202004143,1.7541990302684811,0.31675481093472396,1.6375558683222609,1.6374970962801534,1.5014485224352614,0.2949508539503562,1.6800788157735054,1.679979674857221,1.717515115072542,-1.6294719529559103,1.6492401216279682,1.6494570018210273,1.6951514568409256,1.6831648793217227,-0.45936730395355974,1.685555616781176,1.6534733873197702,2,3.72679866914541
1.1807654491571047,1.5995824289148932,1.5996277021063867,1.3250076057403288,0.577171742774651,1.6026832426379218,1.6026912810691456,2.0134076864534793,-0.15227322832576828,1.5821973291671658,1.58209980297496,1.6277582219643956,-0.35088662777570995,1.639706718140484,1.6396396748883524,1.6770768333643329,1.9814657935924855,1.6532366060794907,1.6541380100266945,1.4902508425898089,-0.33582471987973045,1.7364291431083765,1.7363677698537707,2.0213871421874994,1.6686992282088804,0.34360422916729844,1.671926870674146,1.5895909386020861,2,11.246150567525037
-0.307422061293497,1.7022231824427776,1.7021327678923646,1.7840518466193442,-1.3439206892783158,1.632087900626953,1.6316231388456974,1.4979567654196386,0.5187577014001177,1.7298744691400507,1.7298131128857568,1.4519127237683649,0.9336961852043383,1.6474868973754833,1.647517480963497,1.6528633962595207,-0.6182536472501643,1.6271701330695885,1.626906396342414,1.5201696801270619,-0.5892618352110625,1.7389540329945787,1.7389195881822888,1.480314751346747,1.723857051960056,0.05653317534002264,1.7269883342717658,1.7151995716760298,2,0.0
-1.2034373230775728,1.768055087832291,1.7680547593537599,1.4024271451348447,0.44617085356144437,1.766781335210491,1.7667102300096458,1.5193590431748087,-1.384879520918796,1.679174306092888,1.6792227870161762,1.9559106438055336,1.0428001181031845,1.7120200751854016,1.712077183480557,1.5202867276295726,1.648680328513715,1.7238294044396574,1.7244536606891312,2.0394569340730975,0.025089646800163547,1.753301112848359,1.7532264163062057,1.8722884114799045,1.7459612943364957,-2.087569410695115,1.7469661005736636,1.5291533562146598,2,2.452404927560736
0.9237595722496584,1.6837029037497837,1.6836986911651286,1.7119408230239679,0.2930560912779148,1.6869608432233187,1.6868204660297714,1.4938321457084558,0.7395758633703675,1.6777286510799112,1.6776962808344325,1.8507720958326006,0.11736859812291228,1.7768055960535594,1.7767444366611336,1.8649453204033521,0.41392869142063327,1.6696870346144286,1.669627833173334,1.5892854118488131,0.5295936542181205,1.6767479723558358,1.6766937091496343,1.4512436772787995,1.7447579099400305,-1.0780480425084364,1.7467630972220987,1.603289103749214,2,4.626770634107004
