sample_id,force_x_mean,force_x_std,force_x_rms,force_x_max,force_y_mean,force_y_std,force_y_rms,force_y_max,force_z_mean,force_z_std,force_z_rms,force_z_max,vib_x_mean,vib_x_std,vib_x_rms,vib_x_max,vib_y_mean,vib_y_std,vib_y_rms,vib_y_max,vib_z_mean,vib_z_std,vib_z_rms,vib_z_max,ae_rms_mean,ae_rms_std,ae_rms_rms,ae_rms_max,wear,wear_level,rul
train_0000,-0.3280164141190983,70.92677954972686,70.92753803751744,107.24058437060731,0.7778593000591985,56.487854083584345,56.49320953936858,84.90078750739664,0.32846612515217044,105.1215779825811,105.12209114902183,157.14020518595473,-0.0024961692634832815,0.3795308010044549,0.3795390095524768,0.6490236786308134,-0.0016179739506311636,0.3080770650561934,0.3080813137036113,0.6019459801226448,-0.006966319088610465,0.4772878216719047,0.4773386578918119,0.848887633236469,0.2099197555729047,0.045668592502454704,0.21482998887711957,0.3263466212936811,0.0,0,300.8355904015843
train_0001,0.6169060132593314,70.6113864162807,70.61408120664395,107.9456254600947,0.9205102766927149,56.74459378943761,56.75205955291647,89.65285106914328,0.42953296251374584,106.16680338173866,106.16767228710745,162.89074158260794,-0.0018552541715559333,0.34701263109033365,0.34701759048249564,0.6435521662396589,0.023102474285040298,0.29330239854313567,0.29421084498918004,0.5911471823428711,0.003223761676771575,0.45694441205715036,0.45695578380145646,0.9328829125140732,0.20650637744079162,0.04651101299798938,0.21167937607102358,0.3115471358748907,4.8567003822523285,0,295.1432996177477
train_0002,-0.292843318016631,72.12051788830817,72.12111242685242,108.89416804282054,0.5702481960962291,56.906960963940385,56.90981803833664,89.10194328889092,-0.34517824934912333,106.17159554402578,106.17215665318294,161.04161587734313,0.0036732218079676806,0.37198066924507095,0.3719988049046145,0.684193079977666,0.0010165150656694464,0.306280388008062,0.3062820748611445,0.5033388444383965,0.007895555565741445,0.48338259028093444,0.48344706885490313,0.9612780883159066,0.20698596557749102,0.04594446809383701,0.21202378190776597,0.33703965455149876,0.0,0,302.08341564288247
train_0003,0.5038157540779314,70.00130452154274,70.00311753794838,108.30185219487508,0.2915922853640188,56.7308878993939,56.731637275108504,88.77846772539455,-0.8773862236879614,107.17766847381189,107.18125967755674,162.8017076711886,-0.010806236096911098,0.36656483739117773,0.3667240853151082,0.6342757524885823,0.015692501446230325,0.3026642257469909,0.30307076425921625,0.586645071531855,0.005490608275952366,0.4636461670963645,0.46367867650172345,0.942517798247057,0.2092643335110118,0.05489664178822021,0.21634510061342307,0.33457782757922117,0.0,0,300.09063491708287
train_0004,0.5362478348388892,71.29406701409921,71.29608371538536,105.66172611512012,-0.6416873864121139,57.836367577188035,57.83992718897118,88.95043965741037,0.03469591004035055,107.41572429427245,107.4157298977637,169.06117819346701,-0.006645182001961715,0.38642101452817296,0.3864781480405091,0.6972086395944515,-0.008419612745054098,0.3109044016016832,0.3110183866173789,0.5596113949162684,-0.018443385330496095,0.47525939152832936,0.47561712300791587,0.8457380028713364,0.2103329092744472,0.04808876395899068,0.21576019545540914,0.3168969669566216,5.8303738703604555,0,294.16962612963954
train_0005,0.10495119369830586,71.1073371699256,71.10741462147631,110.28302640022517,0.3853045253877164,58.11080113346994,58.112078503104456,92.5936041214088,-0.9966519344284597,107.47286191205023,107.47748304945095,155.82326135841396,0.005065368110566605,0.39448586011136205,0.39451837952356117,0.7763409876017441,0.007973337926287306,0.3258854296857957,0.32598295568815017,0.6836819437316928,0.004490775993392537,0.4860122517478656,0.4860329987954043,0.9767779780093415,0.21029637678976132,0.04936231610491389,0.21601204675235755,0.34439544867653427,4.401139358730612,0,295.59886064126937
train_0006,-0.5696778558835499,72.17556130542417,72.17780948887633,106.70753611503187,0.7287041265521033,57.433038265162075,57.437660938374094,86.68239907615478,-0.9706552257836984,107.62161603981475,107.62599319211253,172.08798855189414,-0.02167382081187455,0.3961984230107602,0.3967908074852522,0.7358514119566677,0.010988289864017318,0.31472832017328944,0.3149200819783271,0.6309339368631562,0.011326900731924286,0.4736413698687005,0.47377678914367477,0.9123535612694458,0.2166557320684441,0.049902064653281585,0.22232841090327105,0.34989408761301,2.954006443801969,0,297.045993556198
train_0007,0.11641240546046927,71.53878112676317,71.53887584349556,106.97676145374442,-0.14720517892291574,57.82336343318412,57.8235508083929,93.44271986766884,-0.2864584389844678,108.03820626086986,108.03858602602834,170.3112416138249,-0.005634458007609351,0.41267922890713876,0.41271769175603584,0.6773986287291431,-0.007523881257689985,0.329027888499641,0.32911390155949355,0.6289233930641958,0.008058329881758135,0.4991962304666183,0.49926126746680877,0.8054602509583841,0.21922801026630262,0.052936800911358065,0.22552876840006655,0.35653971495202663,12.298404238431607,0,287.7015957615684
train_0008,0.12090856275777284,71.84848369963855,71.84858543365884,109.34845236094418,0.6424309139602128,57.59272408345801,57.596307041619745,86.769029266796,-0.24820048887649648,108.37229880376988,108.37258302493423,169.79750890908284,-0.014628376753279042,0.426497120214481,0.42674791500097725,0.8012542284889519,0.015060873047020805,0.33400870263651083,0.33434808707971336,0.6215768750062193,0.004447749959587827,0.5098700445921216,0.5098894437543056,1.0931137331840968,0.22835837912643012,0.05151711421695384,0.2340973352571384,0.33670190544605594,8.90817489977935,0,291.09182510022066
train_0009,-0.19287539257043662,71.15741561821187,71.15767701646817,117.14367138351575,0.7474424826035821,57.87170588716745,57.8765324855905,90.48579282885517,0.009088248419425321,108.76871898804404,108.76871936773162,166.5353126451708,0.003616288200099337,0.40003791744740813,0.4000542624894846,0.7854205883528869,0.014395484253883501,0.3154008142417435,0.31572916176884674,0.5812793328284838,0.005923971545453058,0.49386114111332813,0.49389666949740607,1.1052180369278204,0.22153838279501675,0.04405568920774176,0.22587642374316208,0.33904632781028965,20.964763113769138,0,279.03523688623085
train_0010,0.3667496795769252,73.24864753737616,73.24956567367639,109.64316755455573,0.6826234573561447,58.63782654561787,58.64179974027486,87.83532024129889,-0.5351802459674546,109.63145901408834,109.63276528234341,175.85259777704454,-0.0019344253274302245,0.42132274062161046,0.4213271813760089,0.6635981219424256,0.0037830467040267657,0.3291828610994527,0.32920459821209425,0.6465592619684815,0.0012654125717303857,0.5258050915957071,0.5258066142765292,0.9006845053559611,0.22548391248696173,0.046897115353743406,0.23030921435958687,0.3452818418683595,16.60792270186378,0,283.3920772981362
train_0011,0.08274515740538663,72.19587068007517,72.19591809801446,107.10957332966417,0.461513436947814,59.11414693922877,59.11594846575004,91.3937097520059,-0.6844772586712273,108.29020698942574,108.29237017874486,165.573307466826,0.005630468538193151,0.4197297353755016,0.4197674986636629,0.775770486118083,0.00734290617059012,0.33513933688820774,0.33521976880980286,0.6157556280520531,-0.008895276275052363,0.5250309186766942,0.5251062668703382,0.8644609532194583,0.22379849046312714,0.05076184339701585,0.22948317820406264,0.3404353146968526,24.50453995944458,0,275.49546004055543
train_0012,0.002400806563034985,72.512764740574,72.51276478031784,110.50892360481409,-0.037016328616521155,58.56411424647634,58.564125944838594,86.93323298412939,-0.14924017253035893,109.21984327460449,109.21994523693127,159.03302023833032,0.006147143422430907,0.430383159240618,0.4304270566892735,0.7889176431773681,-0.0038284383105455827,0.34036029350959496,0.34038182433531217,0.6556729004980798,-0.008541946942565729,0.5155133221556784,0.5155840864277658,0.8728654117720638,0.2451856811681282,0.05225737458478541,0.25069274311071227,0.3661239937437157,13.590907505072902,0,286.4090924949271
train_0013,-0.2264224027917594,72.91078319365546,72.91113476703484,105.63597175175562,0.004630943040952101,59.095881573106496,59.095881754554284,95.37355221029343,-0.10914160044621579,108.73322757947524,108.73328235521497,163.63793907546906,0.01304043566628349,0.422046127093183,0.42224754156385763,0.8335281039675619,0.00604846278630858,0.3562051170506711,0.3562564656468141,0.7114210043512728,-0.004868219976634003,0.5167821948945626,0.5168051243222948,0.8776701111246834,0.23570556162713208,0.04295912600147668,0.23958839347675528,0.3482115300877451,19.46145674258878,0,280.5385432574112
train_0014,0.2813085978910933,72.75583371298656,72.75637754725699,110.22568424023683,0.6911651125234948,58.70094657187265,58.70501543860301,93.6806200022412,-0.9057479027863498,109.71959147834998,109.72332994144595,169.81657294514088,0.01151091933017766,0.44389487787303517,0.4440441012621862,0.8016124603947213,0.008125603250187909,0.3567910317811354,0.35688354653531823,0.6828303391857629,0.02186235214111825,0.5437881021976779,0.5442273996528423,1.1170764957833343,0.2394517966943323,0.04826448535469399,0.24426752442086386,0.40132874559055276,16.752912651418477,0,283.24708734858154
train_0015,-0.05174327244591714,73.65852162780995,73.65853980198622,112.08105397152934,1.2556984170163001,58.944884781036386,58.95825828808168,87.18080675131779,0.19698914784605204,108.74505263368408,108.74523105418044,161.98294690751766,0.008638291901261296,0.44444281792604384,0.444526757904419,0.7643453870533462,-0.001722647295779315,0.35769447311667696,0.3576986212049506,0.6987671968042547,0.004985973340099623,0.5330331512966902,0.5330564700962069,1.0519676155770759,0.2473488109514048,0.04972651967674237,0.2522977626500783,0.36558200958942844,26.90873200380006,0,273.0912679961999
train_0016,0.09304280091778136,73.49815083277333,73.49820972513481,112.89970324856321,0.03812047576744226,58.37572247624794,58.37573492295058,86.5559134953241,0.8680083318412768,111.14734030549872,111.150729621764,172.46053140353774,-0.0021095322969070804,0.43744092938118173,0.4374460158972575,0.7936043259576582,0.018907397983599243,0.36342180376523836,0.3639133099386303,0.6465470123538537,-0.00828894780882767,0.5450033374490438,0.5450663670475125,0.9546565198014357,0.251396816987895,0.049463811874080436,0.256216760335384,0.3830433234774797,23.12818581793733,0,276.8718141820627
train_0017,-0.8683855821645425,74.37945418204836,74.38452324199399,113.22286920573198,1.1048538455047023,58.868507542017795,58.878874668632484,91.13093079592434,-0.7824499467208414,110.87045011017908,110.87321108163518,169.69964343664554,-0.004900180889645559,0.4472508322278753,0.447277675165303,0.7707062017530605,0.011386855202983635,0.38109204814956854,0.38126212719629893,0.6662809284674578,0.010435474420164473,0.535188694139401,0.5352904234721663,0.9673873932577584,0.25457633185152084,0.049135164895886485,0.2592747059940896,0.3748464566861706,24.14747347951913,0,275.85252652048086
train_0018,0.13646922476910772,74.49201148446478,74.4921364900413,112.66089201949806,-0.11981801681642337,59.118298434916966,59.1184198553806,86.9782392016215,0.6380914750515335,110.73867014085545,110.74050851109419,169.96812820418972,0.007795448862012364,0.4604432387774901,0.46050922375004066,0.8436786459107535,0.00033950806077043,0.36267789412384205,0.36267805303302836,0.6648922469643943,0.012487804383127403,0.527107385027948,0.5272552897878907,0.9594200648952588,0.2549167891487065,0.04220204079024234,0.2583864966223029,0.3781882996293754,25.59269960055852,0,274.40730039944145
train_0019,0.05957116170561583,73.68113528786608,73.68115936948965,111.07967334882719,1.08279362482321,59.08060738496677,59.09052894509024,88.48170357487312,0.0027504497182168075,111.34101254438609,111.34101257835819,170.72730079149338,0.007029356605663395,0.4445353614429144,0.44459093493623114,0.8093533550622033,0.018441439802558194,0.3873645966216577,0.3878033231134707,0.7123886982920412,-0.0010357722268743014,0.5297911446050327,0.5297921571012699,0.9522855945722454,0.24948827085906233,0.04940435254180205,0.254332827897461,0.36180806380254754,30.32580316237585,0,269.67419683762415
train_0020,0.22076161454708165,73.23065520927499,73.23098796322614,111.78160731957662,0.9203859056622693,59.76375410946753,59.77084084628758,91.1295650141893,-0.1177391702283585,111.37692228886382,111.37698452127269,164.39563830462066,0.004904332373807969,0.4780288297927151,0.47805398710713143,0.8149913812791878,0.0074700593823501344,0.3661122752780244,0.3661884759197479,0.7052496778958225,-0.01254861085677126,0.5681123743232159,0.568250945880072,1.074259724344048,0.26181108576982065,0.05085165070621039,0.26670383388980146,0.3936078371314007,20.620954535761843,0,279.3790454642382
train_0021,-0.8129260728432778,74.55699548194558,74.56142718654708,107.74844288377778,0.89524932122107,60.37750192981123,60.38413873387204,95.07996879564728,0.23328661471872603,111.88919946188416,111.88944266044899,162.89830251014808,0.007768925504833578,0.45637790959330066,0.4564440300499619,0.800103324178285,0.0077953479362973055,0.3921712081506705,0.39224867616322745,0.7156043480740003,-0.003461031215949241,0.5997034936378729,0.5997134807710662,1.1712584683565601,0.26371877390100473,0.04700331429300652,0.2678747902703358,0.3688686408210171,28.542558714645416,0,271.4574412853546
train_0022,0.65010590496996,74.71066420229353,74.71349264514102,109.49164506447077,-0.07344338473906764,60.195152594407574,60.19519739808796,88.94553049441218,-0.5013930797612903,112.46091144387056,112.46202913786736,169.22412355089392,-0.0002817861958866663,0.47038974283641105,0.47038982723818024,0.897310958824299,0.003883643659403062,0.3813263775905417,0.3813461536903153,0.738904012952501,-0.022936044369751586,0.5829794690226918,0.5834304786633202,1.0306734790345053,0.2621726281229681,0.047742117714175816,0.26648413975457963,0.38257430462784187,39.85013188188114,0,260.1498681181189
train_0023,0.24270640406853705,75.21134272458552,75.21173432938267,113.39198454028204,0.19831616835638044,58.906045715349016,58.906379545185246,85.70475916144179,0.5000280576962949,111.89064140287776,111.8917586849267,166.53450441756448,0.005660112382817689,0.472560087944063,0.4725939838697555,0.8244730555013213,0.002718157922507251,0.3979118224313724,0.3979211062674958,0.6439532026304643,0.0032465799979613102,0.5866670944945012,0.5866760776137911,1.0437666917461519,0.26941778069478217,0.047672707353376705,0.2736030474627475,0.3633775675127924,34.37294315339202,0,265.62705684660796
train_0024,0.24032539484005822,75.93254203622526,75.93292234846832,123.9837876199026,0.6399968270079549,60.14109962079366,60.14450481579184,92.57099655301816,0.5118323558175144,111.73095212879541,111.7321244583116,168.25075710264963,0.0027348028525127945,0.49249477421009663,0.4925023672744083,0.8614717264554813,0.0024553485852933307,0.407718885050436,0.40772627823509966,0.6665716003632784,-0.04143839293850307,0.5797069349714876,0.5811860897022246,1.1977166591126616,0.26484989181373436,0.05027879452118979,0.269580085266421,0.3732642104310723,30.66783262467412,0,269.33216737532587
train_0025,-0.10426636141082146,74.99030382029619,74.99037630612645,113.86868404175833,0.15849526927608376,60.622844944892115,60.62305213334953,97.85559312543559,0.2760362528034704,112.22605107107425,112.22639054616444,174.31642967822756,0.005657797716674202,0.494452133346045,0.4944845021286894,0.9168565142399404,-0.0016572985362798519,0.4061553809425402,0.40615876219406905,0.6407142491679378,-0.004407105802101553,0.5982719729102985,0.5982882049242922,1.0077073658754019,0.2738439530808303,0.05386558312795781,0.279091403817192,0.4221376323002719,36.584827575031554,0,263.41517242496843
train_0026,0.63357757838276,74.76405452356505,74.76673905788881,111.08185708678671,0.49030801056527606,60.59806426417023,60.600047809467355,94.00162438457053,0.4004518369046156,113.35989189205942,113.36059920207319,173.7131638707491,-0.012963956068253995,0.4918299935202127,0.4920008197991464,0.8196946622512312,-0.004901483948378328,0.4141452147488713,0.41417421871029697,0.7202841096112779,0.01435535928827035,0.606877896311809,0.6070476565906024,1.0017368781137688,0.2795925641115985,0.045288220658646114,0.283236694015667,0.4299140806810915,39.062403527429694,0,260.9375964725703
train_0027,-0.42543614819288655,75.28831685939411,75.28951886841035,116.25281172843071,0.35694169719174174,60.16414353680979,60.16520235894702,91.11429598119796,0.2651773588067187,114.71449289384314,114.71479938928199,171.78768626298995,-0.016104294755202055,0.506530546249795,0.5067864861987523,0.8222638810439025,0.0009914987464749703,0.4123124941164275,0.41231368625631787,0.6920483841940256,0.0014718559143427762,0.6194184552063302,0.619420203908485,1.1989211657853727,0.27812665925710667,0.043825329047860684,0.28155833863636853,0.40123122460362354,36.4007794072005,0,263.5992205927995
train_0028,-0.28336595741819015,75.1409226121984,75.14145691479646,110.78749949959332,0.1606766523363402,60.97447996062317,60.9746916634684,91.11229318087807,0.5943413614498696,113.10106141816465,113.10262302691915,168.232920086853,0.018733763881761713,0.52354597450094,0.5238810373790184,0.8636341836907333,0.006172520921255578,0.4107171837457543,0.4107635634261723,0.7517492421708337,0.002752185604650549,0.6014637511212243,0.6014700478314913,1.0783329554595873,0.28409152187096076,0.050463251371178366,0.2885386153323491,0.40240227960777214,48.43150442760978,0,251.56849557239022
train_0029,0.5704772233491523,75.6464965217048,75.64864757727436,114.73006686394294,0.4009909139810256,61.47702293421158,61.47833067485382,97.30232692541733,0.7086842919808559,114.2461603923804,114.24835840320512,171.5821712072158,0.015519892904008814,0.515870766822091,0.5161041708195778,0.9355012978705545,0.0038060878606814945,0.42086361200501704,0.4208808218661344,0.7815292430242453,0.0010572572199701868,0.6162720754996901,0.6162729823978371,1.0509599053500545,0.2858558936580552,0.0474503907725985,0.28976737484319665,0.39946633959894046,46.85279995596335,0,253.14720004403665
train_0030,0.2397376815680028,75.61071167066419,75.61109173593698,116.46565831044462,-0.7605135723866137,61.391765559712766,61.396475952879555,91.41428078246643,-0.3599486279247379,114.29339843597877,114.2939652346533,175.7952793266974,-0.00892915540996268,0.5245283894635879,0.5246043853892194,0.855280636049278,0.013443708170571594,0.43973503621742854,0.4399404907104127,0.7676639542350066,-0.00743510453825371,0.6361051664421705,0.6361486175053093,1.2045887907399202,0.2938545884780984,0.047125733155846276,0.2976093981968792,0.4282224498892694,46.498205937219026,0,253.50179406278096
train_0031,0.22440696724132025,75.53046606930567,75.53079943396258,110.99015818043978,0.7653107662255172,61.4152085787241,61.4199767611246,96.08461352225154,-0.9862701303849282,114.14984480418141,114.15410547846622,173.40508407605495,-0.006346898647658349,0.5148391414210923,0.5148782619820448,0.8251421337703192,-0.005344254930318552,0.4298849838796227,0.42991820201748115,0.7103005002509205,-0.0020560069698844427,0.6385200715376667,0.6385233816557755,1.2370829806298211,0.2901022167020232,0.04928420446708309,0.29425877887563673,0.4189475103444107,40.57668231611198,0,259.423317683888
train_0032,-0.6220421745174469,76.50534905279224,76.50787783069438,116.84376944468586,-0.10515517245864625,61.20413542255271,61.204225756335376,88.45028560822432,-0.6360652685181081,114.52715039662228,114.5289166848109,174.4875731728457,0.0020432893922841845,0.5352090009640753,0.5352129013247945,0.8921437233506878,0.013564345282833415,0.43259924560879476,0.4328118514600198,0.6913489399471713,-0.0002542449385264933,0.6502544562496206,0.6502545059536139,1.1678679965352132,0.2923202616566283,0.05526287999496036,0.29749810298611484,0.43857038226424727,44.28866154603862,0,255.7113384539614
train_0033,0.06662881626839451,76.2113760718267,76.21140519738864,116.36212639428464,0.2043324051644102,61.152593056860454,61.15293442926331,94.77254524269584,0.5793067803449172,115.72818925197058,115.72963917633923,177.6497915683396,-0.01023110690941087,0.5341315724545678,0.5342295501386843,0.8627800200081714,0.01517537902239931,0.4391549548453273,0.4394170757875426,0.7228786259884592,0.005850265951469251,0.652066695725723,0.652092939147761,1.1060873146742778,0.29984492770020965,0.04953541461038153,0.30390909490860313,0.4569036713092812,47.33053590917021,0,252.6694640908298
train_0034,0.37346100722905934,76.0718099619721,76.0727266766107,114.87273942402842,0.7147934326147316,61.07318817107173,61.07737095709379,95.47355929980402,0.12119729887986908,115.70812858146863,115.70819205488837,174.07595016359156,0.0035218244820599334,0.5471076492048796,0.5471189843774132,0.9152261518428593,0.00423781674657083,0.43092028838054536,0.43094112594268585,0.8572427549279934,0.011808314065509973,0.6670956351217682,0.6672001369001547,1.1808842799032944,0.2993005382868769,0.047582550972718386,0.30305925390241034,0.42279248935418173,59.370441232774574,0,240.62955876722543
train_0035,0.13670125034181124,76.64896167478578,76.64908357609127,112.87790975334447,-0.2867134266065843,62.04497226530131,62.04563472147743,94.34781619952496,-0.2199561907647185,116.1269319279498,116.12714023743348,172.19089312084282,0.0012172696537620653,0.5474472797975164,0.5474486331183138,0.9168069209693885,-0.01497622068027393,0.43831725127324644,0.43857302692892386,0.7882046159805915,-0.01263270849339107,0.6698201756936177,0.6699392906003557,1.1070857156736955,0.29814467741571826,0.05065180564878657,0.302416689497794,0.4154203885031866,56.4495274846477,0,243.55047251535228
train_0036,-0.17432768867285298,77.29630838724194,77.29650496910352,116.58974960789564,0.7155759326694039,62.932516481538336,62.936584588095585,96.45714721503677,-0.3849843002505464,116.37063861719201,116.37127542948278,169.41701167597193,0.004262702776025307,0.5502719426652676,0.5502884530131122,0.9814415921253552,0.0006416146274718024,0.450118750078183,0.4501192073676439,0.7562872823174842,0.011057496217673268,0.6617935109111329,0.6618858808787869,1.0758206986312113,0.3124946562164306,0.04793640611287534,0.3161499789575253,0.4581326242455844,53.33303685398076,0,246.66696314601924
train_0037,0.96713845848897,77.00601918189732,77.01209221311045,118.54279508191453,0.2907422642423265,62.132279619686194,62.13295986674938,95.60480204080893,0.6579573923396571,115.74851008330857,115.75038010493063,172.0403655668867,-0.0011418076376606412,0.5656250557545502,0.5656262082170693,0.8987259039826037,-0.004546880602560083,0.465056569201977,0.465078796206758,0.8003700226293093,0.00217626917033914,0.6503202006405068,0.6503238420268865,1.1793272204046144,0.31187985661030726,0.05379331394489179,0.3164850163663985,0.4777634094904072,60.52477757222912,0,239.4752224277709
train_0038,-0.4221275248762923,77.20607029392795,77.20722428554339,117.03389920929897,-0.23087655695433731,62.50990117338349,62.510327536261734,96.52462392752572,-0.6693802978139778,118.34842032084227,118.35031331780179,176.2796884877707,0.0023046850832140996,0.5734100514003039,0.5734146829478924,0.9910418518982684,-0.000744326359579198,0.4578902990308301,0.4578909040025501,0.8804863872498212,-0.0019450584519656866,0.677974673007903,0.6779774631155187,1.237927237364282,0.3083026675544658,0.050951358219315485,0.3124845207775778,0.4132634602382771,60.11072509255308,0,239.88927490744692
train_0039,-0.26612601640586087,77.23847174855632,77.23893021727541,113.41814748602104,-0.29608876915014826,62.84670830359834,62.8474057790518,94.40188863280744,-1.4952120727496774,117.90249304681248,117.91197363201144,174.23226263963133,-0.004571439415849792,0.5648595644446402,0.5648780625966293,0.965141939532323,0.01181779013238753,0.4557833717311149,0.45593655491767365,0.7457959541544741,0.002589281471315555,0.685081875147151,0.6850867682517845,1.2003192217576064,0.31899444736394245,0.04559642570922337,0.3222367010234615,0.43929694653370627,68.40144516845359,0,231.5985548315464
train_0040,-0.24723289946146676,77.81728361966994,77.81767635987808,115.69951971939126,0.8085869509906333,61.65738934252803,61.6626910975624,95.33808663785487,0.051040540865635586,118.29882593378808,118.2988369446188,176.9686190413861,-0.00864759064979478,0.5742787293756785,0.574343834159809,0.9800448882349693,0.014791263610299692,0.4673066422606235,0.4675406713646287,0.8713762916862613,0.0014289909442242732,0.6817371294557202,0.6817386271098653,1.1872956636226641,0.32105219406675756,0.04518388836991592,0.3242161240334971,0.46234927243771157,63.51688894968467,0,236.48311105031533
train_0041,-0.031268942371789815,77.22284714416705,77.22285347484996,117.3899748230998,0.03410734082189365,63.028660289080435,63.028669517506096,95.60440189010193,-0.202704007787591,116.82061316453787,116.82078902769564,167.86693652793798,-0.008697104394681587,0.5806952202020801,0.5807603450567147,0.9965979577343221,0.009951864345195838,0.474024830270449,0.47412928544530253,0.7983872533377732,0.0018356108952485503,0.6959389679795851,0.6959413887820214,1.3410201584796229,0.32017989663445157,0.04716442842446693,0.32363505607003507,0.4173606715082416,53.869468890981246,0,246.13053110901876
train_0042,-0.8131112810758462,78.6597111686733,78.66391365228735,116.62353682221783,0.016875076806639466,62.66792133295652,62.667923604997824,95.35441800964665,-1.31879634274316,117.29131819856461,117.29873208415582,186.0282476300606,-0.0020075220515733197,0.578466561767058,0.5784700452291277,0.9601457256012912,0.006779676889758192,0.48490582809210997,0.48495322056506074,0.7415711325066296,-0.019788859207740553,0.7266301326219988,0.7268995450425095,1.2682926450121745,0.33433220092881943,0.051159788298459484,0.3382238083232043,0.46316018351061883,59.984755993278775,0,240.01524400672122
train_0043,0.1355493680670733,78.50300246660414,78.50311949153894,116.46185442862486,1.089233121383697,63.18199405365093,63.19138233484294,100.33655269898642,0.752860008640171,117.53448799504908,117.53689916979665,176.2385957110057,-0.01335674137647521,0.593169211879088,0.5933195736375604,0.9438707593852702,0.018156015604713572,0.47729061952364754,0.47763581983338094,0.9526739322607384,0.0068049660908010845,0.7235334239537724,0.7235654242304329,1.2290797125128123,0.3260196039036167,0.04986102490582579,0.3298104060428211,0.47536844491090907,66.9532402187016,0,233.04675978129842
train_0044,-0.2760872013559158,78.68474572408822,78.68523008676516,116.44018505217205,1.073306786310912,64.10504559025222,64.1140301149901,93.95940121054942,1.3259124791424313,118.08493517214015,118.09237891799319,180.9318065374933,0.013954412851660693,0.5796576955307242,0.5798256372617758,1.0413195432261715,0.012878356509320088,0.48648510414726215,0.48665553384663535,0.8783096502516019,0.00463781882662638,0.726074730808732,0.7260895427441723,1.2897220364531774,0.32461026470527254,0.04851263572672409,0.3282153253234543,0.46058480931274814,69.14836435541076,0,230.85163564458924
train_0045,1.1303842909325723,77.87036711413423,77.8785711421006,115.3055850295262,0.7962984588220562,62.171100515248064,62.176199871917234,94.99730890761383,-0.28507337516155795,118.7177072642188,118.71804953292475,172.3561971917722,0.0004068370955648236,0.6115821161031231,0.6115822514213409,1.0386596515016988,0.009128486361727126,0.4909376774627581,0.49102253758435915,0.7908632291223083,-0.005671793691325339,0.7449826546939267,0.7450042449801795,1.1993551308985664,0.3335876280483287,0.0459849930755552,0.3367422236296912,0.45384496664782303,70.46263239461453,0,229.53736760538547
train_0046,-0.24272173652796264,78.06945610420206,78.069833420133,116.78358279165015,1.3175651878435855,63.26565504648261,63.27937330982938,96.07473881349974,0.3617446578595759,121.24168960715869,121.2422292685024,185.38639341840008,0.002398573117887083,0.5964791509702142,0.59648397354426,1.0103282949656163,0.0014095859673285173,0.488316992924676,0.4883190273904933,0.7715043228441433,0.007793145206933236,0.7152799800807368,0.7153224329045718,1.227762051381173,0.33947413804504045,0.04721929973012167,0.342742399869678,0.4498642192400778,69.27101939977622,0,230.7289806002238
train_0047,0.25062557511548267,79.13271924579155,79.13311612979847,121.70933518178065,0.604887930610486,63.538796802798586,63.54167599737928,95.39894318720799,0.5033363290107413,119.87889140248815,119.87994807869102,180.17967853819223,-0.003091909910395242,0.6145050738706145,0.6145128523632548,1.0263874850410006,0.005895492022995847,0.49482267620341314,0.4948577954436012,0.9503984753187866,0.0027657868651607617,0.7360408883946727,0.7360460848111363,1.2877174997176402,0.3370361737261972,0.05155662727547302,0.34095669551428,0.4976217347428923,76.22263577719652,0,223.7773642228035
train_0048,0.053469257368155554,78.54292588318145,78.54294408317286,118.88132046780284,0.6162215593427802,63.27276272619635,63.27576338548387,95.02694355022477,0.3422395877562566,119.36364715530036,119.36413778916375,184.6426937021847,0.005604676369387856,0.6058700624782675,0.6058959853016236,0.9286964253638847,0.0034162687209849194,0.5034982567570645,0.5035098464274326,0.8647465965738661,-0.0071360547120752765,0.7445265768715952,0.7445607745140681,1.240351557839516,0.3442805927046415,0.04738519730584813,0.34752623417056355,0.4384204695152275,72.4380751080998,0,227.56192489190022
train_0049,0.8607959486545251,80.2032548795838,80.20787407072139,123.01889631711504,0.4072733735915021,63.60780005471937,63.609103903466476,93.62602569495319,-0.7988124065356796,119.8309506458756,119.8336131223419,176.22997716572343,0.023959727195709886,0.6298641581788246,0.6303197016479908,1.1342987875005712,-0.0008063652498796212,0.49178488319071223,0.4917855442769934,0.8920024528255448,0.010825324983681939,0.7446152833808023,0.7446939692956261,1.333941361371374,0.3448220487568155,0.04444826599072717,0.34767498279057996,0.45919558735619365,72.05617726267337,0,227.94382273732663
train_0050,-0.2697723988698456,80.34509582156014,80.34554872376486,117.5140246826379,0.9322126906149009,63.435306691825744,63.442155981543806,97.58207629145502,0.6688620565691515,119.72019539097616,119.72206380155761,186.0844353718684,-0.006903052723113768,0.629469028645105,0.6295068785647303,1.0424454705354917,0.0075813172659382555,0.5160075360337057,0.5160632263735355,0.8532343783704319,-0.03013592555282913,0.747948462427909,0.7485553262499699,1.1987613619962036,0.3550902096392292,0.051795502377532075,0.35884792189473896,0.47016638344891504,75.6292640184356,0,224.3707359815644
train_0051,0.5819924420394089,79.68138651467785,79.68351192125053,121.08061042997397,0.603287625636768,64.13826114179015,64.14109835551395,92.92215037075155,-0.5298703302540538,119.0810067758337,119.08218564215655,175.79949530520219,0.001380702102665738,0.6325210637286953,0.6325225706635113,1.045744283943027,-0.0018286649444132332,0.5094360115894173,0.5094392936549084,0.8069542761264767,0.0016555885289755295,0.7490039394661935,0.7490057692095933,1.166386767212473,0.35479020890107155,0.056249038272896734,0.35922144512638965,0.4890232173076216,69.00761433358561,0,230.9923856664144
train_0052,-0.6940739296648455,80.09219348152673,80.09520082565594,120.0337515441725,0.23408716083573128,63.88332719320659,63.88375607361512,93.06212029901079,-0.15139860044107017,121.3698991474019,121.3699935757876,192.50574337063728,-0.008824691079501536,0.6289929153790755,0.6290548169831606,1.0758574336065327,-0.027059808524533373,0.5146580191766709,0.5153689066486635,0.8574675526124679,-0.00511784303168597,0.7571084904530829,0.7571257878539357,1.334006994211031,0.35793420879320126,0.049121432872589306,0.36128909891092936,0.49606103625451936,83.37337723763926,0,216.62662276236074
train_0053,0.5070306737281125,79.62015637117524,79.62177077077914,121.53313870020033,0.44484153176297814,64.32348825933157,64.32502643479245,98.27102657061837,0.5232465270583035,119.89572076161676,119.89686252723905,179.930643604123,-0.019051121481785175,0.6498686065153809,0.6501477916319925,1.0740992369114624,0.020013772887079735,0.518490502522776,0.5188766253277327,0.920000677842242,-0.013740125860855823,0.7875316342919411,0.7876514876956735,1.1934339127511469,0.3514757031873922,0.052969989105071766,0.35544477725360263,0.5025737688680002,76.34473553739653,0,223.65526446260347
train_0054,-0.3000418959112534,80.79567730006814,80.79623441421046,122.56071985786612,0.8769328493982467,64.28614226657243,64.29212314693258,100.82621691754109,0.486019934660023,119.13078121894355,119.13177262683821,175.13254993444235,0.0021564777326689554,0.6500183232032123,0.6500219003203871,1.0707429736023728,0.01595559226139049,0.5162211056603473,0.5164676280790531,0.9261724881763411,0.013383309609007597,0.7927156685269902,0.7928286347655991,1.3222995395577488,0.3595935308437841,0.048382401461308684,0.3628337969316844,0.4766105820183356,79.16710243146537,0,220.83289756853463
train_0055,0.4123377275828466,80.87347377134529,80.87452492748297,120.83093526010157,1.0395587762368206,64.54309603352873,64.55146728032263,102.50548119010243,-0.27762590482685656,122.23982848271716,122.24014374839037,187.34613008332306,-0.009041208979999504,0.6482441212169039,0.6483071680554642,0.9758695107301651,0.01151718214480502,0.5247368679801092,0.5248632451430859,0.9026497008973802,0.0044230906974557505,0.7877182863347747,0.7877307042114786,1.332918435570094,0.3632551457958325,0.05081759342988102,0.3667924873128622,0.5350937781104963,81.95952454256394,0,218.04047545743606
train_0056,0.18692167071788413,79.94479752357533,79.94501604725863,117.87684453224973,0.3053282998120357,64.53032645730585,64.53104879092803,98.47747266416773,0.17038581903637995,121.5154452858227,121.51556474106147,189.87660431362917,-0.016646055159924074,0.6511678997839112,0.6513806297867454,1.1058331871458986,0.019098943835589424,0.5212070319521008,0.5215568423594433,0.8948462226873608,0.004223970119027642,0.7949065064035742,0.7949177289797364,1.3714482899715812,0.3685924131593763,0.051047258355361,0.3721104535272441,0.5003454640036057,75.40820140763742,0,224.59179859236258
train_0057,-0.22070614402293431,80.31912785445284,80.31943108925731,116.5092111442128,0.21423193542564295,64.82655046701448,64.82690445158192,103.32011517256834,1.2767512884949297,122.57458789115539,122.58123710641547,180.90492893436235,0.00535715041652314,0.6689934515990522,0.669014900688317,1.0602350268872403,-0.012316874150391961,0.54872075300346,0.5488589711078073,0.9041964879323545,0.009535629787086733,0.7810370262109109,0.7810952339809912,1.3512785782817158,0.3683925798967895,0.04878221106382089,0.3716083920463686,0.5181823846787132,81.9665277933975,0,218.03347220660248
train_0058,0.24711779273977807,80.24805929259323,80.24843978191133,119.73790145024932,0.8931925699735659,65.15422273165646,65.16034478679003,97.85770907464007,0.02271165288696253,122.69509794594478,122.69510004798137,179.67120683835682,0.014119202191723242,0.6697964628410515,0.6699452615735967,1.035114867166644,-0.007539008599441763,0.5242907373671493,0.5243449379365186,0.8806937212141084,-0.0016687111639125674,0.7803590841895685,0.7803608683642014,1.4182300803063925,0.37901739680113616,0.0605204572978604,0.38381885418703976,0.5612689613987915,81.66074314316647,0,218.33925685683352
train_0059,-0.028744189012473553,81.4636101282136,81.46361519936363,117.78687398188013,0.6763048259223388,65.31235162299127,65.31585307368202,94.38267015101565,0.35027860178239756,121.67682682278715,121.67733100607279,192.68507674483513,-0.0014705825373542009,0.6553894011255269,0.6553910509922117,1.1000650691275613,0.00712958373937461,0.542359626037084,0.5424064849532888,0.9523918129368241,-0.0071284233075239525,0.8065415959742392,0.8065730967838713,1.299036437486503,0.3687435085184302,0.048682389825799186,0.3719432082370004,0.4854364989569826,84.04570289484172,0,215.95429710515828
train_0060,-0.4273973206423678,81.63893389473417,81.64005264536806,120.67454933916466,1.3246423087988437,65.46219340304097,65.47559424994478,98.0455413727781,0.5954832834869092,122.8301229090436,122.83156635894403,186.04273887353727,-0.005495894016577879,0.6728581703439794,0.6728806151537501,1.0512931376497927,0.009758522554327586,0.5482740186471475,0.5483608559023301,0.8913474981779028,0.005171778027184645,0.8254844011509019,0.825500601957034,1.3082919447802412,0.3810135600255888,0.05303078164895297,0.38468636150203184,0.5262512057720456,88.66783114842636,0,211.33216885157364
train_0061,0.7089258422724931,81.66055920083724,81.66363636798992,123.6711678497783,1.2392684281687787,65.7893616443068,65.8010326043782,96.72936280419876,-0.6613225760571537,123.56265986060313,123.56442958787414,189.6032421810315,-0.016227825772378975,0.6739426947768783,0.6741380408880804,1.1751097294307908,-0.010878974327777922,0.5577920901655951,0.5578981698605292,0.9117911187430593,-0.009936364351792695,0.8478193195054256,0.8478775441437134,1.362097762427857,0.38383254731465627,0.0534159720586267,0.3875315347801077,0.5237562137725067,92.95397335768412,0,207.0460266423159
train_0062,-0.5371387420592226,81.40312331499639,81.40489545146981,122.01356106462465,0.8247065747682418,64.86205404175759,64.86729681010569,98.13815883834188,-0.04327893550653528,122.77259415873564,122.77260178692912,194.1694491499938,-0.005706251338679236,0.6996742870418561,0.6996975555565919,1.1263085203450425,-0.0025039362561070774,0.5669558586086714,0.5669613878453015,0.9928506786919781,0.009923214664155314,0.8373563004614477,0.8374150966586125,1.3159668097938535,0.3838909078292982,0.05221227314816459,0.38742528386942077,0.5076504226918284,93.95127700497937,0,206.04872299502063
train_0063,-0.44097939337679626,82.38353015712816,82.38471037744704,122.23312028015687,0.7574627162042631,65.82750264235233,65.83186047724416,97.14432743789888,0.04593384401180009,122.84027936456215,122.84028795261635,186.38961522008742,-0.013093232205705638,0.6919237566650912,0.6920476268055002,1.1944471987101717,0.016576936680900975,0.5618066863411235,0.5620511966425444,0.892671843402135,-0.0065870453971815235,0.8691852134759571,0.8692101727961481,1.49993200918507,0.38715113221309316,0.04657401182741636,0.3899424800551747,0.5103832112100579,94.70006342006887,0,205.2999365799311
train_0064,-0.2678090731437006,81.56465178230623,81.56509144277673,121.25677777820577,0.45358680154881603,66.8212577140172,66.82279718381776,105.83109070323685,0.6992508688791286,123.74384655693788,123.74582220214393,181.62001390046868,0.008428293359910171,0.6914687091161672,0.6915200733281278,1.1066051443139708,-0.005837138813073792,0.5674932832523467,0.5675233023639217,0.8939058642118287,0.007659147532185023,0.8542760326867815,0.8543103666490223,1.4673344142612166,0.3918026408173203,0.046828436872851376,0.3945911958614646,0.520113464955335,87.15628143995185,0,212.84371856004816
train_0065,0.2504055372904759,82.67504425408956,82.67542346640126,128.2053397430475,0.9270952393511396,66.17810089761286,66.18459446122985,99.34977508408488,0.09607294627150115,124.66892950316038,124.66896652124369,192.58098196338545,-0.015227800914118593,0.7056219099239359,0.7057862039494561,1.093522763764896,0.0045955080137016265,0.5658467342958425,0.5658653951313634,0.9360437669080836,0.008440243584282872,0.8670511616367338,0.8670922411181935,1.4108114425220737,0.3926260833047807,0.05186904591818357,0.39603742148402493,0.5048376560067995,99.71510499820668,0,200.2848950017933
train_0066,0.15635983831854383,82.27975628884488,82.27990485744833,125.81957397450776,-0.06932752257289315,65.95081510351235,65.95085154206167,98.61053560638297,-0.18905262742414142,125.16027491553126,125.16041769596049,187.75130940938638,0.014220950733118257,0.7040186692480791,0.7041622839158527,1.1009477424804885,0.00916112944981427,0.5763899283132975,0.5764627271158166,0.9558948593015503,0.0369862786236486,0.8568543358591589,0.857652224206914,1.3769054824373974,0.40308689985113444,0.050984446724193055,0.4062984895853916,0.5315276714046206,101.25455099735811,1,198.7454490026419
train_0067,-0.027456009266843717,82.8100326363176,82.81003718789425,119.42392808395986,0.7657692037323005,66.52364373941609,66.52805106751691,105.86553091322574,0.6800417045831352,124.9719512642121,124.97380149257113,186.7593673350932,0.010788951791423775,0.7050002848980466,0.7050828342734522,1.1647266879148022,-0.0214305395368068,0.5941127128952867,0.5944991031520871,0.9948796806993675,0.014467916662407362,0.836978748498995,0.8371037845162894,1.363969911129331,0.40589937421282196,0.048360295635266906,0.4087701312232719,0.5735929237546246,99.75518425966706,0,200.24481574033294
train_0068,0.07143312797501877,82.31165166958962,82.31168266575303,121.89720625284947,1.1493536738875845,66.35692034090711,66.36687344599842,101.5613522667998,-0.4733041276078792,123.84136190206146,123.84226634939533,184.77443756115636,-0.014939942769249426,0.7282518011611958,0.7284050300378728,1.1004718127052655,0.00934855090501942,0.5678358192809142,0.5679127688848445,0.9533926715747215,0.01575018302531553,0.8807719516157911,0.880912764703986,1.3867635921927293,0.40109113537439256,0.05179014793603176,0.40442096669084227,0.5400256363737764,98.91877024556672,0,201.08122975443328
train_0069,0.7849037969997505,82.77792310029963,82.78164426229804,121.77026727093404,0.4755239147356018,66.45198710444267,66.45368848395475,101.02807232183557,0.29099685439404344,125.14507524673867,125.1454135702989,193.9778010455919,0.015232760988246809,0.7247264947551503,0.7248865629927291,1.2005733341420455,0.0024553476732019144,0.5970605725530674,0.5970656212089195,0.9868549984698447,-0.0040943857227029035,0.860466192287212,0.8604759334599078,1.3524613939579664,0.4074741489097108,0.047173638766060684,0.4101957267258204,0.5499854649969418,92.37576147320367,0,207.62423852679632
train_0070,0.2489924367183064,82.8123578898469,82.81273221256276,123.75193021281007,0.45394033042424364,66.58552403911247,66.58707136814782,101.94498089180858,1.5604551389474606,125.5140675895713,125.52376740330949,196.6628683265777,-0.013784343268906159,0.7250133651661956,0.7251443909932466,1.1485420406789333,0.002839746115231325,0.5748839740733649,0.5748909877571436,0.9693019373710157,0.004440968785617089,0.8646727401986196,0.864684144555886,1.4495824589685489,0.4067870272619917,0.05142678947182303,0.41002487756723677,0.5463180404581833,98.11208246793457,0,201.88791753206544
train_0071,0.2409872814876015,82.86157537635783,82.86192580867082,126.67569611397222,0.8196300274391898,66.5234408092685,66.52848991587084,97.30162194568898,0.6808899141606712,125.36806301192688,125.36991199820503,192.59156672123282,-0.0022508276325409002,0.7318891279349602,0.7318925889872283,1.1495905291865873,0.02363339118808616,0.596205226672035,0.5966734529791833,0.9753056752071122,0.0012239086555618228,0.8407147516164569,0.8407156424962713,1.443434264631349,0.4112280756654393,0.052079175116568566,0.4145126906336192,0.5612425664891569,104.79155411713833,1,195.20844588286167
train_0072,-0.20063538209853682,83.15994447023374,83.16018650080643,123.4121578763773,1.2902493093470793,66.79862337762519,66.81108312567672,101.89638790277743,-0.020352861187681093,125.88313221124059,125.88313385657204,188.46849302418028,-0.0006062110891826844,0.7356906893289668,0.7356909390887011,1.262685759247907,0.009765727935009322,0.5809849973412319,0.5810670671942196,0.9172872493185502,0.0005290337612270518,0.8849691357049898,0.8849692938329313,1.4525814748843469,0.41043337590083206,0.05355544627442385,0.413912722538226,0.5232866967504018,105.59190537186727,1,194.40809462813274
train_0073,-0.17332597880692668,83.23485082515965,83.23503128960492,124.34646701053735,0.9366889279679543,65.62138655662487,65.62807143107106,101.30931035015841,-0.34995564018713676,125.58012371560763,125.5806113274554,180.13004704431967,-0.00039565138368998984,0.760986768870441,0.760986871723745,1.1812603535593336,0.006397713309811748,0.6105827365512687,0.6106162533949048,1.0021806260061936,0.005492115522521879,0.8987809692709277,0.8987977492497969,1.4641040911926704,0.4219426538512061,0.049254832128646266,0.42480777020555993,0.5525663669147814,114.28559385313115,1,185.71440614686884
train_0074,0.17158620973800154,83.69331188824499,83.69348777921986,126.1503182773516,0.388332707667642,67.52783565706447,67.52895224138571,98.9098481356572,-0.17353188293364086,125.93107074169197,125.93119030432223,186.04415521123178,-0.0004129668547860066,0.7393350269882172,0.7393351423226756,1.1853264460332233,0.01408808066399098,0.6062364921372272,0.6064001636012688,1.008512527331454,-0.008733162891292029,0.8848928658941082,0.8849359594029242,1.3646692012828079,0.4206648172584996,0.048422196171714615,0.4234425552081638,0.580358830936312,105.79569895034099,1,194.20430104965902
train_0075,-0.1485304366386263,83.83904279537471,83.83917436458496,124.44796218682708,0.05328930241243046,66.84172038684721,66.84174162918869,99.92330528962331,0.1583464102871594,127.22321813599937,127.22331667766618,189.00230345084864,0.0214228031213934,0.7417025332174194,0.7420118491471112,1.1928468353402288,0.002419735576390112,0.6092373104717864,0.6092421157398391,0.9591198472613823,-0.011633013421799149,0.9143007291200397,0.9143747318636424,1.552853708254032,0.42358834065966,0.04748131041212098,0.42624119601612465,0.5477336795277289,106.82006151980126,1,193.17993848019876
train_0076,0.023688494114087355,84.6310873788856,84.63109069412566,126.26442094739106,0.7661361199001574,67.80934678727742,67.81367469966118,99.59881317938178,-0.2840202708312442,128.14441189427956,128.14472664626126,185.89130490604967,0.0031233955268354235,0.7536000439215409,0.7536065165576564,1.1229824939822768,-0.000543822626088885,0.6160824983359495,0.6160827383549339,1.0609252934889197,0.023509061565287828,0.9188343933455896,0.9191350925573663,1.5215594414560343,0.4273161081781561,0.05088164493193584,0.43033475121061876,0.5613657496558091,118.5991026981149,1,181.4008973018851
train_0077,-0.34578215226094844,83.74463571440188,83.74534957975096,124.32294729193539,0.8853735238403098,66.72423187112298,66.73010568752385,100.99640693922754,-0.5068877876408058,125.96321511605557,125.96423499391783,187.61592492866595,0.007574691999839858,0.7654166935281311,0.7654541728218806,1.26061804651854,0.01140633435441378,0.6129409263419533,0.613047048478611,1.053890305313189,-0.030639926574784912,0.9183690312129993,0.9188800153402027,1.4323159797757457,0.43019103762264954,0.048324670816852704,0.43289675750738654,0.5559024305408651,112.71725551895368,1,187.28274448104634
train_0078,-0.30778578683477253,83.87370177069805,83.87426649938928,120.64821397633433,0.27796011840224294,67.52901896951482,67.52959103098816,104.61758184544271,0.9979835658801537,127.89190726785215,127.89580100928514,189.2733147229102,-0.005646566550860597,0.7647728681451247,0.7647937130787187,1.2490445754435322,0.013104136608523241,0.6168834875942939,0.6170226540920148,1.0196614746908865,-0.027955341857595864,0.9055318787273354,0.9059632909394467,1.5106495691269646,0.4277912284090284,0.04435134961076314,0.4300841514355088,0.5515644558268994,120.59899431970847,1,179.40100568029152
train_0079,0.2782580728097833,84.91643006508804,84.91688596830474,128.49343636132076,0.37951326144243175,67.79643179041501,67.79749400846617,103.19560377862156,0.0391799979316059,126.65240662040316,126.65241268058094,189.80450825828223,0.0034550425542369863,0.7707870485648587,0.7707947921167978,1.134553038565603,0.004876239044363314,0.6144408091243755,0.6144601578822136,0.9765431958986976,-0.018627442823026363,0.9374835923717467,0.9376686342159262,1.4688970833335684,0.4313729675301343,0.05237705121936702,0.4345411287901187,0.5888841158353231,103.70284478480762,1,196.2971552151924
train_0080,-0.10060336742473397,84.62377531392842,84.62383511410825,126.69517981563422,-0.09695719675238385,67.66471908290345,67.66478854815287,100.73593420967475,1.7718951346119836,128.90552822824267,128.9177056116433,199.5694203074123,0.013931782413647566,0.7775069281671202,0.7776317366910206,1.218077102907256,-0.0011746849379158358,0.6292297930621791,0.6292308895483246,1.049154834812878,-0.01170669890482301,0.9594343448773597,0.9595057628432968,1.5425685518380936,0.43829703795334346,0.0528938488796354,0.44147712593969834,0.5781921635046341,120.00873806627436,1,179.99126193372564
train_0081,0.5170897107209342,84.56774274659904,84.5693236050986,126.79396397544971,0.8000731886753745,67.5924777278833,67.5972126829327,100.60542984430697,1.3154395673946047,129.2322479874875,129.23894266495273,194.9492593930508,0.013462674995831307,0.79341180504678,0.7935260146999801,1.3005120170166262,0.0060476335614538575,0.6489646842581888,0.6489928622766389,1.0799566853776912,0.014270874516788185,0.9426436994662499,0.9427517181118747,1.3450334459277937,0.4407165832960698,0.050244905683305044,0.44357147940245867,0.5818533724345168,121.64859615997202,1,178.35140384002798
train_0082,-0.014034653371496342,84.89817745148801,84.8981786115335,127.03201309009337,-0.8647664515040168,68.70145615429873,68.70689847996833,101.15243389166669,0.9215508311383935,129.09471944718555,129.0980086797698,195.2745094736636,0.002647145130086237,0.8016941135697185,0.8016984839137944,1.237145094202095,0.008933210420400826,0.6289458082518626,0.6290092463279089,1.028222901724174,-0.010487769425280458,0.9379965527972195,0.9380551830073671,1.5610037240928327,0.4535239448117374,0.051630590455634756,0.45645337811040165,0.5825354436175397,123.34778809104827,1,176.65221190895173
train_0083,-0.32212890684041234,85.86135209635131,85.8619563651227,129.09585981476317,-0.6314710575964874,68.61834145038681,68.62124699463318,98.87760567424885,0.6278134116216537,128.86384134056814,128.86537065762442,196.28037458675624,0.003695799773012702,0.791237479820744,0.7912461111493972,1.360090081156565,-0.010654953488920534,0.6474343626544632,0.6475220320418773,1.0772473658532704,0.003917909095940253,0.9694738188855091,0.9694817355247787,1.6714201998180558,0.4431279737512194,0.04892759891748139,0.4458209405766976,0.5369316108061564,122.49932098834402,1,177.50067901165596
train_0084,-0.10046226862160135,85.53822407959798,85.53828307464988,124.3771657176201,-0.3070908248061195,68.70322461319209,68.70391092962177,97.92217269172731,0.9538525251385299,128.1292379184337,128.13278832601083,190.60552127123665,0.010631032732156202,0.803132945172595,0.8032033033289634,1.3761523745330715,0.01218484404971467,0.6455358091175022,0.6456507966985746,1.0075577736772119,0.007750728368339593,0.9776486173681103,0.9776793404956542,1.6454864145364643,0.456724178063596,0.050533173198662275,0.45951123644737285,0.5799760129587104,129.9761120711991,1,170.0238879288009
train_0085,0.7091113079922174,84.98737423209485,84.99033249560365,130.87538354136547,0.14550566558510175,68.18931052491678,68.1894657682713,107.4587449017455,0.6530933670004554,130.5211005653082,130.52273450907052,192.6821225162487,-0.0046407652988856365,0.8006898374778543,0.8007032862071144,1.3148198275808285,0.011023156164734172,0.6487699935009242,0.6488636331610991,1.096501894443684,-0.028076553591547496,0.9926197939987007,0.9930167915496706,1.644086209124235,0.4530659940460794,0.05210888335924059,0.45605277182132004,0.5572498030831239,116.32692439728115,1,183.67307560271885
train_0086,-0.2356415129628379,85.81332107134693,85.81364460397138,130.34741057047313,0.008599861198829273,68.75954078149337,68.75954131929228,105.75608317057001,0.8025738756525147,129.10907287197583,129.11156734656677,193.9134318875274,-0.00045625826200551556,0.8163125917331489,0.816312719240422,1.3220430795453244,0.0046341038735342645,0.6466072479587953,0.6466238535899814,1.1004855281757542,-0.006820175978022883,0.9705212920893527,0.9705452556162221,1.534740181470254,0.4625055629946542,0.05136135211304028,0.46534866959289967,0.6166123406582903,113.3660939142543,1,186.6339060857457
train_0087,-0.12509455881492815,85.62864319442737,85.62873456946096,124.10234778857365,0.7349080663636093,69.4429972607899,69.44688587998802,102.36057794219002,-0.4360392664006724,130.27401282242266,130.27474255241722,199.09855561413508,-0.015032618622207713,0.8169925884038405,0.8171308763774918,1.2649950102967231,-0.0013986987447353726,0.6468042568724984,0.6468057691970315,1.0342661999373983,0.018208402352226205,0.988975236394907,0.9891428431316596,1.758939267799828,0.4656133141301246,0.05565062211446232,0.46892723320038127,0.641279534183189,128.31168870910312,1,171.68831129089688
train_0088,-0.17082583245772365,86.30761179119347,86.3077808460187,129.20236340144996,0.44993402091656043,69.73735480973122,69.73880624502775,104.81860694598254,-0.2649802255829639,130.35766434837842,130.35793366298978,205.89552082018426,0.003980553143474192,0.819906441228483,0.819916103739452,1.284338385161871,0.017009023932345935,0.6781707419155263,0.6783840078343434,1.1360932380729862,0.0039144001111915405,1.0309943267978505,1.0310017577179895,1.6729504795713734,0.46373961251224416,0.045885596485634075,0.466004201888619,0.5897627019176541,132.59559589440073,1,167.40440410559927
train_0089,0.6486178703714812,86.61204445174259,86.61447309342937,127.90533023284073,0.29465454875970454,68.31307901231733,68.31371447554449,105.44772513793019,0.7106845554905088,132.1209120647241,132.12282345360313,202.03033274609038,-0.02020100855601205,0.8356435227276857,0.8358876586141324,1.2877006380207021,-0.011710453602953278,0.664677534765023,0.664780685598563,1.1096637552989983,-0.006372589841518672,1.0109243512835646,1.0109444366133007,1.5339251970573862,0.46777627082686724,0.04680631101714058,0.4701121890567441,0.5809828212765431,146.50630946701034,1,153.49369053298966
train_0090,0.18867521407004395,85.95993794463105,85.9601450079118,130.56519622274797,0.03384784089382453,70.40739704858426,70.40740518463468,106.51267654066578,1.4778963231930307,131.2208845878985,131.2292068465427,198.0468132006563,0.004196876453688939,0.8336833522364031,0.8336939159956094,1.3405785885930486,0.022140656981929872,0.6688322753839072,0.6691986411274354,1.0990785785602415,0.011902661795273231,0.9929949048250807,0.993066238660032,1.511853219101337,0.4678378231972713,0.05425235459794977,0.4709729788357108,0.6419354598779916,124.00336480126649,1,175.99663519873351
train_0091,0.1895810807770857,86.72423776480433,86.72444497875154,131.16323018165372,0.40580563209823417,69.87326923863627,69.87444763506898,107.02297215892199,1.0723643497522077,130.74225839434015,130.7466561536127,193.79270831676274,0.01038896416303231,0.8379429472952022,0.8380073469237312,1.3314326331742692,0.011596461273711839,0.680450894024796,0.6805497021476218,1.051143031974819,-0.00608643315593424,1.011371780289432,1.0113900941943108,1.6709592688694634,0.4660422663017682,0.047719226314666796,0.46847894140479635,0.5859801920934016,130.26859375926045,1,169.73140624073955
train_0092,0.011421706290502431,85.94617628402283,85.94617704295929,132.1176308852048,0.3523187854925328,69.86941663937627,69.87030492314571,110.51344878666244,1.0250998175860278,132.22698497967193,132.23095850235075,201.13153433648702,-0.012229194113106277,0.8467625913702861,0.8468508955729916,1.339331594467793,0.0005196864213114789,0.698446171326747,0.6984463646658691,1.2338599726998887,0.030742876036806893,1.0169879941279418,1.017452556450368,1.6724435543561311,0.4736373629823917,0.05110911390320013,0.47638691537119715,0.6008926463203449,129.0180806975808,1,170.9819193024192
train_0093,0.9251676065609604,86.21043692587853,86.21540100266952,127.68357066538339,0.7948064119877389,70.19064350092697,70.19514336695067,108.28315215426466,-1.2392993697355763,131.89485675997915,131.9006789317752,189.00982746720254,-0.008469055933958407,0.8591091409277319,0.8591508836834181,1.3263332001672283,0.013683444055380025,0.6880596713352781,0.6881957192247186,1.2123382580663578,0.004076993970334078,1.0208457149737333,1.0208538561714242,1.6799122265067163,0.47527053780015455,0.046921497447607534,0.47758110413161653,0.5992862564392128,134.24919278026027,1,165.75080721973973
train_0094,0.7869942942965964,87.00574800197155,87.00930723435184,129.52126621458643,1.3467547445741461,69.61071175793182,69.62373833534005,107.90159440238186,-0.8256735464354598,131.66875950170862,131.67134830905343,196.67372438643804,0.007363830571512275,0.8533043550763717,0.8533361286111051,1.3316406378657593,-0.001342716569382854,0.701217388691817,0.7012186742319093,1.2018123793589517,0.007770125417586191,1.027397543533521,1.0274269255317958,1.7214250996276164,0.48346782458268356,0.04830920745117065,0.4858754129725775,0.6473061493271999,144.32967701586156,1,155.67032298413844
train_0095,0.04686765649325886,87.90912108043263,87.90913357388634,126.82527061378796,0.3419731017765939,70.06649753098897,70.06733205897325,103.1520736609959,0.7605155425421677,131.98601060296687,131.98820166506147,198.7130930804656,0.0017320732384839034,0.84295759828272,0.8429593777758659,1.3581925620481843,0.009835421901680963,0.6985021547265695,0.6985713962664407,1.1019910455566544,0.006578394165183812,1.0394088716585685,1.0394296887006504,1.7706950838759858,0.47602229545394037,0.046914187838857875,0.47832851346100835,0.6005250951470491,138.80659097796612,1,161.19340902203388
train_0096,-0.24502383726621868,86.66361040913833,86.66395678612729,132.19872033998433,0.5282303231932182,69.15012186024607,69.15213937804978,106.94099688218114,-0.9505306082757563,132.29185568086328,132.29527046695068,189.2235234746356,0.01430960680681475,0.8680317091975628,0.8681496489772993,1.3987341561215905,0.014621175318555675,0.6891644088803248,0.6893194914080578,1.1073001197818368,0.022789085968688255,1.03805041311435,1.0383005357824682,1.667581060743837,0.4910756823936877,0.04998668644386926,0.49361320349040877,0.6794891085670428,148.3483025492556,1,151.6516974507444
train_0097,0.008479656303605254,87.302392733999,87.30239314581229,131.54462649131327,0.3542125695435932,70.28110792406635,70.28200052345326,107.86407853474009,0.2723627591623352,133.09789216384388,133.09817083615684,194.12801968010655,-0.009707739596007854,0.8657327215362569,0.8657871478294409,1.4126242172598273,0.019220225573536916,0.6943751174834695,0.694641073397823,1.1778768375366326,0.011716871985448754,1.0439923618514515,1.044058109825931,1.6175680227447364,0.48824166081371223,0.04186010808934714,0.4900328438006823,0.5828459452312951,151.7880945466452,1,148.2119054533548
train_0098,-0.8850624665508587,87.78025602905743,87.78471782774363,130.27087802650877,1.0003195129717508,71.3508943982214,71.35790615309682,105.57679716216012,-1.6868721103329472,132.99796331544343,133.00866055852396,199.04704164858003,0.007565855532964141,0.8913060173266042,0.8913381281492218,1.4122287771646262,-0.0001853760040947906,0.7212675453359961,0.7212675691581287,1.1083682787673617,-0.009466853914346152,1.0380052328228775,1.0380484019017182,1.7417338267776148,0.4904182800539686,0.05146823467283289,0.4931116187958164,0.6391199059244181,149.54808287985537,1,150.45191712014463
train_0099,-0.7420077850132754,87.991138057658,87.99426658728879,130.23110531645503,1.2844019021651993,70.4940945381002,70.50579446395092,104.46119159676127,-0.9614925947099995,132.93283306499904,132.93631021920453,205.52796605170727,0.017092171445960702,0.8735072513026196,0.8736744590538263,1.339397830102866,0.013259188044171897,0.702154308718567,0.7022794880385155,1.106676074384811,-0.003232881742228119,1.060548396226097,1.0605533236297484,1.7412176177754572,0.4969867993152399,0.05127668432412928,0.49962503645122003,0.6448106444469245,157.43613016432627,1,142.56386983567373
train_0100,0.018272606773441114,87.83277773553377,87.83277963623736,136.1984448524558,-0.1460521266768821,70.85251157103752,70.8526621034645,105.63583369418262,1.6841953680228092,133.48777712601424,133.49840132406877,210.76539922352129,0.006940618063391288,0.8844660340970162,0.8844932660288636,1.3450380120803036,0.016064841294211565,0.7065763997073385,0.7067590025950804,1.1964486338477125,-0.004110115256811764,1.0835148808410242,1.083522676297715,1.746633139541614,0.4970316644073295,0.04708062533782884,0.49925650792525605,0.6263199497953913,157.49449293514007,1,142.50550706485993
train_0101,-0.011991630359854843,88.13996795565605,88.13996877139948,133.11067842799818,0.462978894520261,71.0471512432409,71.04865972864455,105.95460983002775,1.133656892153801,134.80763245704978,134.8123990834083,204.23728192542188,0.007671287976073589,0.8777605205904028,0.8777940419975216,1.3497735331359504,-0.004535938394931812,0.7121842618270899,0.7121987064937142,1.1755503507952092,-0.007443801761575886,1.0572565641462481,1.057282768522686,1.6397863901163185,0.49657307036848564,0.04739925879891133,0.4988301353666107,0.6225593030344666,159.3983508522354,1,140.6016491477646
train_0102,0.08092832417244489,88.70370789979225,88.70374481703307,131.37089992070864,0.32568902374054204,70.80021822003825,70.80096731927621,101.9444240745487,0.14629224442996314,134.67480188216106,134.6748813380584,201.40292959672814,0.012649008428914262,0.8899895960112294,0.8900794787110116,1.3634888738040023,0.01056020945276307,0.7099522959074382,0.7100308306601404,1.1462474488865044,0.01330145743821659,1.0648912740592493,1.064974344450378,1.675150908595238,0.5054251633157252,0.04790660227105742,0.5076904945474997,0.6342558884018276,158.10448707577086,1,141.89551292422914
train_0103,-0.12349796536072544,88.40660306046242,88.40668931951706,135.00750403060044,0.23549407115422255,71.89321985091266,71.89360554311635,108.97947995790915,1.2510204654264308,134.21223725370322,134.21806763938022,201.27872076561775,-0.00313949188791539,0.9022132525078091,0.9022187148413815,1.3807871654788928,0.013680551671626386,0.7231074408087563,0.7232368411848424,1.1576049666765205,-0.007383069813002963,1.0912838193285455,1.0913087940854143,1.780121370087772,0.5114732797702904,0.05168322708569136,0.51407788503394,0.6282914714430532,161.80832686540083,1,138.19167313459917
train_0104,-0.034875677211298584,89.5684667368607,89.56847352671018,133.06821791654235,-0.031336921509458104,71.72720138013851,71.72720822553734,107.08783553618102,-1.402821658585091,134.40943195777183,134.41675233324412,200.87480502558554,-0.0014257095136235541,0.9082581192981103,0.9082592382786743,1.4193234120391287,0.017975920665672024,0.7441670200629102,0.7443840994225296,1.2010283426156472,0.015659944861664013,1.0859013281486813,1.086014239477614,1.8723402690152122,0.5134772624889603,0.04799287884410939,0.5157152465391168,0.644689429161492,146.03884815781117,1,153.96115184218883
train_0105,0.2627072308646615,88.68750674459481,88.6878958351234,133.50917861271438,0.5803490488828555,71.95689577633286,71.95923606309734,109.47062005003333,-0.550462009917253,135.42495855437141,135.42607728158404,204.10112551769373,-0.011330040121590675,0.9098164562850614,0.9098870006414335,1.4079256908194482,0.010793203010428909,0.7377357586234795,0.7378147076217614,1.1533592442248937,0.0035807120694844874,1.1006427061063249,1.1006485306418112,1.757765376284949,0.5115658968463368,0.053702485959777516,0.5143769277625668,0.6708092646414741,160.32005811249908,1,139.67994188750092
train_0106,-0.20857800097853074,88.94890878386093,88.94915333280079,132.04845329785968,0.6343450551041719,71.32348545663464,71.32630630652136,108.35450314522117,0.012832451315121673,135.36551153226378,135.36551214051252,211.8021145953535,0.001943360088777494,0.9395908374282483,0.9395928471564434,1.5140511573762683,-0.004829420745189217,0.7461076020489895,0.7461232318726093,1.1421300687290379,-0.002773558543125318,1.0761706729357472,1.0761742470036957,1.845221780708012,0.5319532646529783,0.053605116282273046,0.5346473457023775,0.6613663511273065,152.40580015042815,1,147.59419984957185
train_0107,0.061962857062536125,89.13463695975085,89.13465849680604,134.0467588196943,0.5652238100017546,72.23389331689758,72.23610469614438,106.11138093840779,-0.718591007538524,136.02359066853506,136.02548875632573,197.8797088699215,0.0015725766039843235,0.9064008196600913,0.9064021838442694,1.368206824354178,-0.007974484057150857,0.7457336696013281,0.745776305853867,1.2677916392574937,-0.003912683476327089,1.1098735625813658,1.1098804593329135,1.8067150609817613,0.5205101996057433,0.05029314550061159,0.5229342868639963,0.6582422851872738,158.9455119838106,1,141.0544880161894
train_0108,-0.04700290924945505,88.91494807015145,88.91496049367174,128.3233431611841,0.1846510225664667,72.06985466202417,72.07009120991468,109.89561405212737,-0.2912169016969395,136.6815088461077,136.68181908261408,201.47875800657718,0.007663804349123889,0.9247058874552481,0.9247376450602082,1.4140279068841277,0.00545097743198897,0.7522505640104762,0.7522703132578366,1.2324375779900079,-0.0023099452548411142,1.1278133309230038,1.1278156964924373,1.917018534982966,0.5182440783828062,0.0517260182418321,0.5208190719837346,0.6555588134341674,166.40991242426824,1,133.59008757573176
train_0109,-0.18900192392724224,88.99595066587197,88.99615135863779,131.08609877169147,0.25224716725460106,72.56509664814544,72.56553507132762,104.65914581620247,-0.4853377892217443,136.57788869429854,136.5787510301725,203.257052696905,-0.010001226829413252,0.936948658964578,0.937002035255855,1.3843958004743495,0.01612164240222754,0.7478325814706711,0.748006335041912,1.151727327075981,-0.009618068426420504,1.1263130798727647,1.1263541455211714,1.9630387697034848,0.5304367707510189,0.04977039304395302,0.532766609115585,0.6362450967600247,167.83279481414604,1,132.16720518585396
train_0110,0.7162492538589003,89.9769264156852,89.97977717358096,134.8305279358247,-0.4302378782092626,72.99828514388838,72.99955300260599,115.15916326743499,0.2933190927062004,137.38905183661464,137.38936494741554,204.23653446211884,0.0021667747436583396,0.9451380713897263,0.9451405551044147,1.5188454270676912,0.0014588746113760685,0.7506828365431587,0.7506842541279353,1.1780425912012586,0.011413209201675767,1.1553313440473252,1.155387716691882,1.816300528789966,0.5256554443769423,0.05478671865520372,0.5285028199963792,0.6640758445914942,163.37977407751896,1,136.62022592248104
train_0111,-0.0007485187194259391,91.24377998968589,91.24377999275615,133.19175049840095,0.2900007428242684,71.89665691019503,71.89724177806221,110.5200841704663,-0.6100117744726086,135.37493770888952,135.37631208616486,199.85993740010667,-0.003139085960762081,0.9393178293970365,0.9393230746041689,1.4429659308017393,0.005082289831382425,0.7602458637429519,0.760262851261455,1.23624236904385,-0.013858443784451835,1.1247285496784953,1.124813925467683,1.8931410566693698,0.5362364149760073,0.05059709014096719,0.5386181934144573,0.6883234810735295,168.4875078693098,1,131.5124921306902
train_0112,0.1563357385235551,90.21387421011188,90.21400967067714,133.93338405036593,1.1048391149008716,72.24588633776084,72.25433386447122,110.55156272766207,-0.48159251709137096,137.72945122948437,137.73029320860184,201.49151511825784,-0.0040445412339425255,0.9453919090390045,0.9454005606039201,1.5576225982389666,0.022183671641922607,0.7609397075863638,0.7612629991462461,1.181383168832286,0.0035458111627810346,1.1565625019318908,1.1565679373265354,1.7748732326758159,0.5346739514182097,0.049781014746242566,0.5369863906602547,0.6581862375660703,154.36637973628842,1,145.63362026371158
train_0113,0.23778744414692152,90.82926527177325,90.8295765303282,131.73233843907758,0.001650855312136601,72.45648456687621,72.45648458568283,110.98810979584118,-0.41702718499972113,138.2219395202846,138.22256862185074,207.80242239684304,0.00031024061738150685,0.9525885018012373,0.9525885523210778,1.543973195919234,0.01598792841835591,0.7703448613927413,0.7705107522476972,1.169531121155819,-0.0002258107920536656,1.1414923112754385,1.1414923336104612,1.795859227078924,0.5384442084464927,0.050882461041904366,0.5408430367964915,0.6500528450021802,172.26542519199114,1,127.73457480800886
train_0114,0.14522809443676588,90.67528958893158,90.6754058895576,137.31029459100105,0.10350384675504873,73.16156071587103,73.16163393082726,110.45767648727741,0.10570399650140405,137.6638097400535,137.6638503220091,205.01860682761472,0.007027095415533868,0.9740394983203131,0.9740648460744625,1.5846975105982437,-0.0031074870307095798,0.7654914415724179,0.7654977489165232,1.3104374034888824,-0.002506979676121804,1.1484513615243475,1.1484540977915592,1.9990910947650578,0.5436775591670842,0.05320848976399491,0.5462750513476187,0.7194341198798204,174.39178350909737,1,125.60821649090263
train_0115,-0.20942874279456225,91.26023560385099,91.26047590752911,132.65179686957626,0.3741018598395774,72.86332630220198,72.86428667065022,105.89381594247399,0.08811840917786351,139.54577323620884,139.5458010580951,207.52015272704335,-0.016247764194898255,0.9621328282414755,0.9622700083766892,1.4719619853112282,0.012710120709524528,0.7700030090120387,0.7701079022163352,1.2653997324263309,0.010055337506444148,1.1741653360432929,1.1742083912909274,1.7519003864978264,0.5455884098477095,0.04940827273934045,0.5478210386387486,0.6671365874765036,169.23736893448776,1,130.76263106551224
train_0116,0.024739374495837296,90.85938567332612,90.85938904136913,139.04665378715805,0.3121954501142779,72.9640712438885,72.96473914489319,106.18962437136288,0.3986499741459387,138.9239311451629,138.92450311816071,208.55183216590413,0.01735808089764422,0.9639453956407154,0.9641016693012123,1.55681607235528,0.00033959450002300946,0.7781170977047055,0.7781171718095024,1.1453498589001327,-0.006298792380731014,1.1623736604889048,1.1623907266422213,1.915202423903747,0.5470556607849231,0.05170417460446696,0.5494936011168446,0.6751026767461565,181.45670334519318,1,118.54329665480682
train_0117,-0.08854696373634519,91.16661456359475,91.16665756487856,138.08087370157094,0.13671206832063,72.99763537787562,72.99776339690762,109.16265582813354,-0.11260139343466025,138.95092950704588,138.95097513132407,204.38017795060966,0.0006590627396200338,0.9566555011630147,0.95665572818499,1.4871945210282187,0.0095631962562208,0.7803574669208662,0.7804160626882213,1.2575645899846566,0.0035531621748015607,1.1609199855796808,1.1609254230482537,1.798640184361932,0.5529350409192528,0.04998676366807912,0.5551899098672312,0.697453092068523,169.6145916591247,1,130.3854083408753
train_0118,-0.269508377264802,91.14247913154857,91.14287759891161,130.36703209245013,0.8389186658239032,73.46310690556214,73.4678968036102,115.507776543982,-0.4954539827663853,139.54142888427344,139.54230845773546,210.61641936089723,-0.005404821524819286,0.9814474257483966,0.9814623077856173,1.4924222873660864,0.014823751901100557,0.7918568672576023,0.7919956072122176,1.296753238057983,0.013561749532128006,1.1916183897007562,1.1916955599998664,2.03563576262792,0.5665359899319917,0.04566286299224167,0.5683732268016062,0.6787498144429494,165.40764580010236,1,134.59235419989764
train_0119,0.10183835443225853,91.52694687168542,91.52700352738944,137.7936986135923,1.2146118432025648,73.80552739902895,73.8155211089,124.36384608528031,1.4184535225783967,139.4424213717351,139.44963566968627,206.5398140869632,0.006429806255699902,0.9841070847217179,0.9841280895330466,1.584210118342665,0.009240519148048453,0.7901447721416386,0.7901988029204343,1.273566356763286,-0.014621972214589468,1.1700664232811482,1.1701577829341576,1.898652010698684,0.5551420105875792,0.05359016593732911,0.5577226531210745,0.692446868589311,178.41115860484857,1,121.58884139515143
train_0120,0.8881571155189485,91.43804913359928,91.44236246084394,139.07739338317913,0.4927183576226725,73.92241768565242,73.9240597361373,109.34963565044295,0.004950336749838136,139.71381602027012,139.71381610797022,213.38847445847452,0.011572330687277215,1.0100285295127787,1.0100948219188541,1.6321527338781232,0.0017269578127757802,0.7944241749744554,0.7944260520445758,1.258302597410303,-0.007200077043720374,1.18371256345692,1.183734460930824,1.8875250260980514,0.5637873928418469,0.04252492271879462,0.5653888868554513,0.6909947041465907,179.5328652842199,1,120.4671347157801
train_0121,0.36687063240391615,91.13273489798405,91.13347334567668,133.04901387081222,0.735785858465403,74.17285960801051,74.17650897190535,109.406634556756,0.3086045838130067,138.89530715024563,138.89564998642047,207.7091147204779,0.013159742083966065,1.0013580672165714,1.0014445354543724,1.481119594240196,-0.001282732893162485,0.8015104074008785,0.8015114338395913,1.264000278706083,-0.009428886775165207,1.2031343935962928,1.2031713398182897,1.8953609758643601,0.5644306330467189,0.05825525145706599,0.5674289504808914,0.7030431465371265,185.17686122983702,1,114.82313877016298
train_0122,0.14632353231254014,92.01469588324045,92.01481222640915,139.82804097815898,0.42123863338479695,73.8658160793499,73.86701717989297,110.86980253177903,0.3935420920309095,140.77091621397807,140.77146631011922,207.53603756659373,0.0008559904701120613,1.0008861221878764,1.0008864882232997,1.621331109317204,0.00757943770932799,0.8079065792649397,0.8079421320215736,1.240236210440459,0.02536626258618692,1.182061850553167,1.1823339908041084,2.017929123913017,0.563117551738946,0.050640826746403154,0.5653900161923836,0.7090378694725398,184.9211127714728,1,115.07888722852721
train_0123,0.1429692625661811,92.29492309771358,92.2950338307696,140.5062194992921,0.29504943455258986,73.69294359613205,73.69353424847752,110.02263661585351,-0.22086879097824574,141.4262525661306,141.4264250340854,209.83786965437193,-0.002878702383074843,1.017401529572185,1.0174056021583682,1.6500490567797965,0.0014111893270286335,0.8205565188272932,0.8205577323048528,1.2556594875684022,-0.0214738759663501,1.2425087278402573,1.2426942770079186,2.0379325974483486,0.5684095471786731,0.050092532112089624,0.5706125437608823,0.7118301831393828,190.24308543255984,1,109.75691456744016
train_0124,0.5456426757727197,92.39499837165287,92.39660951586569,141.34979374880203,0.9747876879465045,73.69216966390262,73.69861654610608,110.54903637662218,1.1179849625231684,141.68620284559177,141.69061354648233,213.59526573949307,-0.001774224813264523,1.000188188872672,1.0001897625121365,1.509793549819315,0.0034839902199837805,0.8235090060253294,0.8235163757890179,1.3246352593988984,-0.010206781378443441,1.2089089634464254,1.208952050449983,1.8071235168817537,0.5716415623552508,0.04558569870197463,0.5734563032508223,0.6964897995169707,184.38540949483095,1,115.61459050516905
train_0125,0.10872653761631368,92.19416605810316,92.1942301698381,135.42654113790164,1.0651738540172988,73.94386576599693,73.95153737251887,114.09042332641285,-0.6205570198776504,141.3664454655983,141.36780749022353,214.97856465391,0.005192687335473154,1.0245362235144868,1.0245493825556142,1.529671295036159,0.015948558293565132,0.8060469642273639,0.806204728993692,1.2922348061799864,-0.010590453229218547,1.2041941941256904,1.204240762831761,1.9141029666036118,0.579412866463045,0.050780949561495634,0.5816338836942786,0.7013012436541719,178.9820064712203,1,121.0179935287797
train_0126,0.8333654218422922,92.24972518473058,92.2534893355511,134.14414570100917,0.3513801402463877,75.11219665417893,75.11301854019054,111.09422526909131,0.28415096760436565,141.89772878056368,141.89801328720148,210.50918600511434,0.006004015278252707,1.0224186114741818,1.0224362402068186,1.533366077383751,0.006657938165000925,0.8196366601917988,0.819663701081715,1.2611403112341097,0.009109288278989158,1.2406388017956855,1.2406722434446513,2.0243742103220637,0.5787987883802288,0.04423895379775204,0.5804869701065999,0.7050912602896524,188.4928265964103,1,111.50717340358969
train_0127,-0.5880491961895005,92.77657648430385,92.77844009253992,135.7396199114463,0.6941545142451917,74.87047556508757,74.87369338981496,112.85346170325616,-0.12707078126249288,142.10946162615917,142.10951843792964,223.6375092656161,0.004153406740415533,1.0345621882044624,1.0345705254113695,1.672043245928711,0.010143721978841731,0.8290270089340434,0.8290890643578109,1.3594400961709723,-0.014886498044125854,1.2363138415054151,1.2364034626778972,1.869193502839606,0.5754415159906312,0.0545148959332979,0.5780180033564821,0.7072285303634868,191.04320796793743,1,108.95679203206257
train_0128,-1.020321061341999,92.54010402031055,92.54572873535611,136.36463866635538,1.0965383459879063,75.49921077653882,75.50717332958808,115.8114499780292,0.5189003103123673,142.23526530513917,142.23621182369618,220.2200581026876,0.010935363572175078,1.042402282891455,1.042459640251733,1.709767176811457,0.016563569027504495,0.847632762667353,0.8477945813497619,1.3774604372271329,-0.003314509443662045,1.2395255952239992,1.2395300267392726,2.1841231672568613,0.5836672840530023,0.053584798759783725,0.5861218551904839,0.762760760798467,198.12732669000033,1,101.87267330999967
train_0129,0.10417380787574027,92.66679595535912,92.66685451019912,142.28208184878255,0.05415107836626837,75.29725587703786,75.29727534878934,112.82284835433919,-0.6058743788706337,141.66048351911257,141.66177915948865,207.63283089030838,0.0019465942348888682,1.0381071216552589,1.03810894672018,1.6302948933306174,0.015459560551712652,0.8239768692731237,0.8241218836492515,1.2758310648205924,-0.0007690128518231809,1.2381194128013815,1.2381196516235433,2.0901365652523394,0.5798720518771052,0.053277604708401385,0.5823144337139763,0.7188517140822965,196.28660997845995,1,103.71339002154005
train_0130,-0.09026850460768854,93.4625785581118,93.46262214989554,137.0268615250175,0.5008851526446975,76.1521272712456,76.15377452150436,117.46069854534976,1.1855241428391334,143.70975578181827,143.71464565020193,222.82654869583237,0.006680272286857747,1.0478683633013741,1.0478896568082572,1.699815280478406,0.011706724061735004,0.8449888772835341,0.8450699675891606,1.2875780593442985,-0.00890887201636012,1.2568630645619587,1.256894638010952,1.9470849812646303,0.5978093647163027,0.0485512755881738,0.5997776778971924,0.7194307374823714,195.85288700419383,1,104.14711299580617
train_0131,0.2753630687700417,92.97914069856606,92.97954844944876,139.31152961896777,0.8692284086887159,75.82067151879318,75.82565388829303,112.88839231854719,1.1812456241523928,142.7222180658051,142.72710629326093,218.17635420132353,-0.008561019552237235,1.0661593307632118,1.06619370173962,1.6727372267830944,-0.002331430338168518,0.841182635114758,0.8411858660165599,1.4063708874597562,-0.0031130455400299184,1.2515623647469647,1.2515662363229318,1.9546991260988136,0.5889400511403152,0.04770203561808936,0.5908687401100744,0.7332167829765255,198.16819924472787,1,101.83180075527213
train_0132,0.23706485207830164,94.04640777917461,94.04670656599778,142.98514361793036,-0.14294001855999539,75.97734118527984,75.9774756453077,112.95284211389622,-0.029598186531281545,142.54757214412092,142.547575216964,214.07032103781182,0.008871670295385818,1.0722543968837646,1.0722910976830853,1.7164283660083222,0.007227087459859201,0.8416633289429868,0.8416943566880694,1.279947041763722,0.015944914830303428,1.2581908199560476,1.2582918499817985,2.1015955082383924,0.5939829640203007,0.048936058160110284,0.5959953853299467,0.6965436594281497,197.77286770729262,1,102.22713229270738
train_0133,-0.5391413305933701,93.69850069297114,93.70005179019415,138.42274022739613,1.031083376283847,75.09288837270466,75.09996682478848,109.3956713931929,-0.15498611660880524,143.25230403223958,143.2523878727386,210.9713942196642,-0.0036070713098367603,1.0621960765326088,1.0622022010731773,1.714093890986336,0.005657543000944419,0.8541160982473845,0.8541348354201128,1.3533133802397228,-0.0007642231031413926,1.264136251652717,1.2641364826550703,2.036711731074191,0.5990748717229728,0.04984335382635945,0.6011447927500961,0.7057162104229937,197.96917556765018,1,102.03082443234982
train_0134,0.1671818729044191,93.78061814288672,93.78076715958642,137.41836590798073,0.3828758088011891,75.29140670515451,75.29238020892917,115.9683061681885,-1.2442665869525171,143.91058445585819,143.91596338754815,213.20395112897296,-0.0030347165620029544,1.0566235181735095,1.056627876152232,1.6165685581176923,-0.0019178025369113883,0.8614264106670699,0.8614285454762467,1.3129012278443133,-0.010056136097224125,1.2858033528245063,1.2858426762275186,1.9642248324278673,0.6077092504070931,0.048277786186389615,0.6096238821350503,0.7135379607748572,204.05941140192004,2,95.94058859807996
train_0135,-0.5756218069601894,94.14180557116514,94.14356534922453,140.09993215461807,0.5122032946627111,75.34119533901732,75.34293641295797,109.9787435861669,0.3902343345310497,143.47069793053655,143.47122864013926,210.85495659524847,-0.01273143456257111,1.0601283022189731,1.0602047474859295,1.6246546527779073,0.006937313539245465,0.848240849905069,0.8482692177409338,1.3143416912980848,-0.007130315651783223,1.2655819287419423,1.265602014757984,2.092941725468769,0.603184548218854,0.04666363710000169,0.6049868545988282,0.7274018003237828,205.00960069886017,2,94.99039930113983
train_0136,0.08189059536997201,94.0953715964073,94.0954072308292,137.579107103222,0.10497899387394627,76.06610359106942,76.06617603190303,110.96402540721283,1.165692178716465,143.53639229713005,143.54112564673278,212.13185860275007,0.005311792036739888,1.084131658428046,1.0841446711304663,1.7227066718959194,0.003436506094233613,0.8665840146339593,0.8665908284728415,1.395495244501467,0.016324474714490805,1.3067422393598405,1.3068442021151085,2.054722388503353,0.6057929777367372,0.04949400843349169,0.6078114746744729,0.7409741520390638,204.0184249498769,2,95.9815750501231
train_0137,-0.3967157029369678,95.59238048485926,95.59320368159578,138.80295386846578,1.1400671090244003,75.63520576075582,75.64379752157443,115.58235967702868,-0.7756517588134795,144.59611788214085,144.59819826760264,214.37444004738492,-0.008063391906764767,1.0728395340250498,1.0728698355607393,1.6533817709825207,-0.0010723409978975734,0.8826698207500184,0.8826704721344685,1.3545754589801882,-0.004101011997228926,1.302300710574016,1.3023071677069848,2.005108183643294,0.6102089081006634,0.048079705593770436,0.6121001303834099,0.6979370481187247,203.17673834271417,2,96.82326165728583
train_0138,-0.11686257718709525,94.60381266509744,94.60388484430645,135.28131833213175,-0.2492728369974363,76.5707856896654,76.57119143698843,114.88941001535336,1.1867998070417676,143.94173291585113,143.94662541581243,216.80191374863418,-0.0057846248834271495,1.0982580912168103,1.098273325182868,1.6458559446984289,0.008705103098265537,0.86751931549589,0.8675629899773324,1.4117937226557202,-0.008742694103338972,1.2870750735762033,1.2871047664123436,1.9287612366713605,0.6154985474956649,0.05022261888482344,0.6175441469376286,0.7409643371302611,219.45955219310858,2,80.54044780689142
train_0139,0.09094503081865601,95.29047172593324,95.29051512479882,139.33373583555343,0.3341465830050641,76.53062662074137,76.53135608952883,114.95925419939066,0.39741716771573005,144.20888664468853,144.20943425346977,216.76772784044547,0.016940124707310496,1.0915681578519385,1.0916995974449077,1.6794262334802166,0.0043084234537650035,0.880557494542869,0.8805680346845846,1.3844294147195422,0.010362791634244278,1.3129692435441296,1.3130101377915169,2.044611041183047,0.6211808679087754,0.047502114429765895,0.6229944795350904,0.7498779967721872,214.92621610502064,2,85.07378389497936
train_0140,-0.5433018637756936,95.11545576193105,95.11700742619611,143.90683747647964,0.48574725801291424,76.3396824171309,76.34122779957808,115.31006227405629,0.808168911717546,144.83954103592345,144.84179570996355,216.70776575344004,0.010599737801031003,1.0981952121104528,1.0982463650491965,1.7306912059230393,0.004994954534432656,0.8778298089108341,0.8778440197342763,1.3491812268574725,0.011059566062053328,1.3256603414205086,1.3257064738533264,2.0372109736963138,0.6192364362184082,0.055727876182999146,0.6217389807019843,0.7483116576669826,204.41296974871184,2,95.58703025128816
train_0141,0.07309086246835106,95.20772415816862,95.20775221405083,142.24576815834953,1.0792264043380402,76.80964700199937,76.81722855065503,118.63107031531825,-0.24991506753935688,145.77673169718858,145.77694592031725,217.1698232147791,-0.004230891824199147,1.1064747157891675,1.1064828047133615,1.7407902228336762,0.0038886877763643704,0.8751821828304825,0.8751908220705644,1.4173082561925041,-0.0015826011273547408,1.3343072658735087,1.3343082044224888,2.1976184840614357,0.6218228042410612,0.050629062804469147,0.623880518909411,0.770589087041117,218.0349542321871,2,81.96504576781291
train_0142,-0.38816590874208945,96.22108582323506,96.221868770956,144.80764346893238,0.30174696831357145,76.35702176754427,76.35761798564774,116.48833199176018,-0.33221148120663613,146.64471080665098,146.64508710500513,212.0221115095933,0.0010358790468126856,1.1139266942874955,1.1139271759373082,1.6353070502664815,-0.008147548288954266,0.9021593449378293,0.9021961351068702,1.3659437356791717,-0.007007981532911184,1.348346375015483,1.3483645867578098,2.0601340217574746,0.6309748213305106,0.04834844833764847,0.6328244603440422,0.7482998532938101,217.01566720129475,2,82.98433279870525
train_0143,0.36121814913182226,96.8639628233625,96.86463633543984,147.591710179033,1.2855393554343333,77.08783963932719,77.09855790929551,117.91166704501939,-0.1094931151137295,146.49014334034615,146.49018426030264,216.5250929284188,0.004467765725880854,1.0962668966857096,1.0962760006948513,1.7137252414499027,0.0120515646495759,0.9107859103342391,0.910865640297114,1.4160636135943276,0.01776495114797967,1.3180909691999618,1.3182106798898972,2.1322331253350546,0.6281139938801638,0.05128686866186674,0.6302043574946384,0.7603646990193926,214.45019027862494,2,85.54980972137506
train_0144,0.280450669684136,95.23147600361003,95.231888957451,142.43201098683977,0.29457942876314763,75.99074285254326,75.99131382152308,112.59463082957915,-1.135524631303964,146.74030223006193,146.74469569547725,211.61618814448977,0.01192154712900477,1.1097501740237563,1.1098142060866345,1.6753914632686624,-0.004374016098834772,0.8914308720482659,0.8914416030551663,1.3548022258409906,0.004408116181515986,1.364172024963374,1.3641791470261309,2.0732341803679275,0.634538124004449,0.04629841174196322,0.6362249395810524,0.7606020146300577,208.76118340771495,2,91.23881659228505
train_0145,-0.11558304459637414,96.70980687445088,96.70987594415466,142.06856886483848,0.5422100040746798,77.04133339773004,77.04324138682583,115.19297876655718,0.4196121981982299,146.56726884753013,146.56786950700027,224.2925416558354,-0.007372666722684704,1.1246119045513492,1.1246360709461602,1.7494639840383155,-0.0062069096176594705,0.9117202118582025,0.9117413396560274,1.424447944000598,-0.007401827948316592,1.3624236620472825,1.3624437683674526,2.1860711729158977,0.6353767366883958,0.05135288796200639,0.6374485992037581,0.7948896790739138,220.40325434877445,2,79.59674565122555
train_0146,0.05766987034586313,95.64991892947567,95.64993631482048,144.53694769345014,1.494831940606998,78.08566935596485,78.09997619269629,115.71607405713088,-0.40999292364704354,147.94555343063365,147.9461215243371,222.8912002885056,0.011993525549512718,1.1375920476162475,1.1376552691632178,1.7793383573138297,0.0009199830894046773,0.9085657292905268,0.9085661950623695,1.4777750687470697,-0.024523081341300976,1.3724857771005519,1.3727048444082137,2.2646538040547144,0.6391991969466658,0.04553216552522778,0.640818844506526,0.7459727990668421,220.15913050697387,2,79.84086949302613
train_0147,0.7584017771380831,96.13896653375473,96.1419578510547,145.57293246626097,1.0256567108503245,77.93401679077164,77.94076561615742,117.40285998433434,-0.6442030777271008,147.553469747583,147.55487600264604,219.3632544271273,-0.0004861913730458828,1.1323876034800926,1.132387707853383,1.7853707448828742,-0.007999357202486783,0.9267421946380676,0.9267767180061415,1.4172563377715224,-0.010747540757444357,1.3558150334067804,1.3558576305955439,2.088302084097764,0.6420283067814624,0.050046934592308356,0.6439759641250272,0.7825690098477771,224.28325353120007,2,75.71674646879993
train_0148,-0.22046098846765927,97.04771495580431,97.04796536347622,145.46237411901748,0.28242336913003363,77.4226262457991,77.42314135809869,116.38131885754134,0.22485576309923416,147.80380588997696,147.80397692780863,224.7305754795036,0.009118902893759686,1.1358378351826102,1.135874439461644,1.7627977465846574,0.0067628370423202765,0.917947479884873,0.9179723916283378,1.4507077872794978,0.006478206745241258,1.3609726755666052,1.3609880935561331,2.119172984373185,0.6446782312031568,0.052907007928742526,0.6468455559677311,0.774160140941134,219.94989256646895,2,80.05010743353105
train_0149,0.5307235733002823,96.34252281252151,96.34398460408664,142.5111758861917,1.0990032927505138,78.28122025633652,78.28893442280682,116.24811284923489,-0.8512001905912137,147.75689932915347,147.75935111230712,218.89819419158644,0.007694092824985399,1.1392500270145494,1.139276008312758,1.813146155988275,-0.001974179985815826,0.9217792595421477,0.9217813735960857,1.438607665282713,0.013406133781116686,1.3879478655058761,1.3880126086550058,2.080485977500449,0.6509946995948688,0.051433479416199114,0.6530233546401462,0.8323952599720151,226.58899585322737,2,73.41100414677263
train_0150,-0.5051344193133792,97.01089382154906,97.0122089266987,145.11508048005302,1.1757990476115925,78.48559523665321,78.4944021128394,120.68860805425824,0.5420499517038286,147.87144315064228,147.8724366391647,219.18599491830435,0.010150260756694049,1.141062594949913,1.1411077396053617,1.8070075816747857,0.014656575819566565,0.9144453135065829,0.9145627625313134,1.5004077330943109,0.004890590153722452,1.361950298701625,1.3619590794166676,2.122685673648953,0.6518569286693966,0.047856076357637854,0.6536112449297724,0.779423898849653,223.69154877932758,2,76.30845122067242
train_0151,0.2413827474069956,95.9398940506634,95.94019770713037,140.1940504418745,0.21466558704834782,77.56220742361108,77.56250448340057,115.47467162895165,0.08155076933907834,148.31297400813207,148.31299642871775,223.46632301411964,-0.007627316967747277,1.1558521331870855,1.1558772987463948,1.7611424640828905,0.014321000490493266,0.9428709511126823,0.9429797036560134,1.3834912083096038,-0.004518853807956469,1.3739741606642477,1.373981591657167,2.208415844757398,0.6532104835632002,0.04874580925737633,0.655026785526383,0.7792973909107158,218.06432079699877,2,81.93567920300123
train_0152,1.130564504420539,97.8069615106805,97.81349546995236,143.96647826257984,0.44029528174009763,78.40738895127988,78.40862517665012,124.99903655496767,-0.14783724881498206,148.31451739797276,148.31459107871248,220.09908615163093,-0.0014132955108043035,1.1788861223092577,1.178886969466352,1.7682784780842677,0.007767040839755428,0.9456777562462694,0.9457096518394982,1.5011405228377905,-0.005881974742870791,1.3835967136004563,1.3836092163298346,2.164313253962446,0.6527716384745985,0.04730507873131435,0.6544834470562169,0.7656223779328877,228.74282583188537,2,71.25717416811463
train_0153,0.21099786496698303,97.53505915448346,97.53528738035075,143.27011465663634,1.550095762466441,78.52808453204229,78.54338200729833,114.91447112739972,-0.2259580241071194,148.41683249394455,148.41700449936405,215.77591823175436,0.01018183405590719,1.15236965608641,1.1524146363238592,1.7551660748360551,0.003236992576711551,0.9271612159887795,0.9271668666182662,1.3547486169516954,0.005383397627763242,1.4123726694813332,1.4123829291193823,2.181955131859292,0.659348023130709,0.04684569535293124,0.6610100867456362,0.8072155248951285,222.94450715590057,2,77.05549284409943
train_0154,0.14923167845558527,97.6347680113732,97.63488205927489,140.28963025280265,0.7037360141917668,78.72946577282256,78.73261093887152,116.12026445964347,-0.12299301841457333,149.89694840031115,149.89699885924375,222.42589265836403,-0.0003715519165258911,1.1703556403867335,1.1703556993648843,1.7439229788840884,0.0008939124590759823,0.9438187961139443,0.9438192194363599,1.391623649093272,0.02332648219140024,1.4299948391748696,1.4301850806235488,2.2049860348304984,0.6550441081332081,0.047992657867733664,0.6567998772908223,0.7916772544821944,224.61770379073766,2,75.38229620926234
train_0155,-0.35639472641625225,97.30402283588553,97.30467551586385,145.17444313107944,0.4277818775183761,78.77477927068615,78.775940784481,116.36173411789837,0.2475219160499722,148.8673045033631,148.86751028077268,224.69664619010817,-0.0014487850783657628,1.1916696691825266,1.1916705498701374,1.9282143775759628,0.007862869254330995,0.951223197290405,0.9512556942149106,1.52249550811905,0.0015500675297001887,1.414564124342306,1.4145649736175645,2.2346407872758514,0.6659818222408428,0.051189479013538465,0.6679462181320521,0.8093376911040947,227.4869098221401,2,72.51309017785991
train_0156,0.0938921419382932,97.62654062231786,97.62658577260292,145.62953112716855,0.519247144827504,79.49894204271838,79.50063775535959,118.72931966874752,0.39175309301915073,150.63760147340582,150.63811087552355,232.05453370939796,0.0006199785255258071,1.1756933149017994,1.1756934783684707,1.7866159841369722,0.006209731480608757,0.9476075894388584,0.9476279355987692,1.4306151191999366,-0.00600147156470518,1.4211901634633235,1.4212028350611499,2.253332865747001,0.6727198132717509,0.04958841754828104,0.6745450009623687,0.8412357013392301,230.46999658759518,2,69.53000341240482
train_0157,-0.8255253943190739,97.73491355943634,97.73839992882611,148.936798866769,0.26472693551379706,78.43718275658281,78.43762948445064,119.4348649553958,0.031801798611001686,150.97070246740043,150.9707058169059,223.82476544965263,-0.008959213435954645,1.2037949560007517,1.2038282948985053,1.9643809480846786,0.007277601054169955,0.9559988803528742,0.9560265805473468,1.4303491035986684,-0.003469174307942885,1.4238000016272803,1.4238042280468979,2.0993075756013417,0.671606812353436,0.05561715234547981,0.6739057634673884,0.7931975605816876,231.26249892720304,2,68.73750107279696
train_0158,1.1136437733087419,98.69767645348053,98.70395908862903,144.38189842112112,-0.08316054883688767,79.11933771264643,79.11938141672164,115.38883690224195,0.4352250976887135,151.14433061238392,151.1449572336149,223.90208890631186,0.011591163811612903,1.1955600521866032,1.1956162400465047,1.79414247736305,-0.008261231688845396,0.9549716320542428,0.9550073643576582,1.441120069007543,-0.01882318411525989,1.4599936826454625,1.4601150179437563,2.217523108312359,0.6683818001259779,0.04762914011268581,0.6700766864527645,0.7990708640432888,238.7968397986639,2,61.20316020133609
train_0159,0.20653545356774483,98.5951876473904,98.59540397055892,145.54669176000021,0.7931847911583043,79.64545495988257,79.64940450423724,116.04222898174237,-0.9878661397119227,151.06948774080686,151.0727176090368,218.49940730886186,-0.008509878526794013,1.2072903917077322,1.207320383304428,1.8879076864191973,0.029091049357018603,0.9687204592056684,0.9691571684904021,1.4961288655538891,-0.003578398258601345,1.455907535203965,1.4559119327753933,2.1820604236495016,0.6791536274613094,0.04951188729069457,0.6809560020125687,0.7974002191122126,237.4120046846287,2,62.5879953153713
train_0160,-0.47100163408589146,98.51390324137343,98.51502918027279,148.190501346572,-0.11016802655507008,79.56630356559718,79.56637983524723,116.93981009622391,-0.02268654204744236,152.49179093141203,152.4917926189756,236.9466026584298,0.015476934419534693,1.2137709122529405,1.2138695823400314,1.8547507103577971,0.006020183652166351,0.9765764623054447,0.9765950180807925,1.5543509401078477,0.002370893353064535,1.4406743427523578,1.4406762936205446,2.1787600683105826,0.6736515844818656,0.05011486586383901,0.675513106501627,0.7842057726292943,237.61493619162079,2,62.385063808379215
train_0161,-0.2071926498471225,98.7315575495545,98.73177495089988,147.707702315396,0.8793408457700101,79.30270472358113,79.30757981932456,118.42710620084503,0.4056630125486014,152.14397538507689,152.1445161958019,231.9521446901633,-0.004425476839692709,1.1977197652507952,1.1977279411108679,1.880685647096806,-0.0014495481061193912,0.9823143483471798,0.9823154178564318,1.5337956707164908,-0.014966628221304346,1.456976228556648,1.4570530980508118,2.349325687347101,0.6785378096548145,0.052234947006291714,0.6805454054065043,0.8012110369510028,235.8318358841172,2,64.1681641158828
train_0162,0.06537188769009927,99.75557584997331,99.75559726974463,150.68168817305036,0.49709728545306353,79.60500396356744,79.60655602242062,120.9738919473946,-0.779551035001365,151.6851611138076,151.68716426229986,229.98683388538845,0.01013265849898854,1.2074259705894457,1.20746848622319,1.8568565238717842,0.00526462123794127,0.9973643067014002,0.9973782013452789,1.6214613413430767,-0.0005535033466525507,1.463543111759688,1.46354321642553,2.3726663069051894,0.6918629558693752,0.04631983370085472,0.6934117656186575,0.8098624392958527,232.11337322125055,2,67.88662677874945
train_0163,0.4944603770448981,98.67319538489183,98.67443427012644,144.2004622617427,0.3261679759102398,79.84716994983454,79.84783612939219,116.22771846647665,-0.36933946314450294,151.40110385863028,151.40155435546487,226.85718274965168,-0.005638789862000424,1.218095595416886,1.218108646847696,1.9228443603672938,0.003181647512241266,0.9719985679111242,0.9720037751481052,1.5068579776450328,0.0026708492239634063,1.4833620214115364,1.4833644258919303,2.3385531323544786,0.6928231915108911,0.050554460563046015,0.6946651914254502,0.8091852498528029,245.93286937508375,2,54.067130624916246
train_0164,0.18725434588441514,98.88757771805906,98.88775501109946,150.76240732455588,0.38095281406572157,79.80746069242845,79.80836990704707,117.23608743423776,0.45830361057985214,151.86392452691297,151.86461607272247,225.13609167081154,0.0029132492999997296,1.23024264911861,1.2302460984420394,1.8686777448855363,0.026779256038118097,0.9862972784812737,0.986660757349517,1.4949043739465988,-0.02508747906924949,1.462744951718477,1.462960073065543,2.366935871281584,0.6919991354416468,0.047946970688501706,0.6936582122704169,0.8050273565012227,239.99331989991546,2,60.00668010008454
train_0165,-0.18223175727050678,99.48929552520781,99.4894624194718,145.5225165694611,0.916247817725544,79.4283574757804,79.43364199987212,119.3322939654844,0.4434906553752017,152.94541902567516,152.9460620117457,223.26214817194244,0.003193098915498807,1.2261031686466475,1.2261073264792253,1.8497572967527136,0.025909720361064488,0.994543769340549,0.9948812103679995,1.5659184480586887,0.015006175059499444,1.4782986863134795,1.4783748480159136,2.277183623438408,0.6888466767163582,0.046125868363644205,0.6903892668310184,0.7892006534153048,249.254529473052,2,50.745470526948
train_0166,0.24082826217674635,99.43372303115503,99.43401467349246,145.03405716332597,1.2885442268406604,81.04983283042972,81.06007493251613,121.64053307742863,0.44574505068415304,152.42812321944706,152.42877496343382,229.7100698209015,0.029611435273749546,1.2417273563428886,1.2420803776685592,1.8694416703451462,0.0002287893515414514,0.998837464269492,0.9988374904722371,1.5803684132551397,-0.0002707291051635974,1.4660485409963762,1.4660485659935867,2.295329806906291,0.6984301731975493,0.05653441625477303,0.7007145260760809,0.8573417503754847,241.08321955908457,2,58.91678044091543
train_0167,0.6467440996798492,100.2628872264959,100.2649731108701,150.31491675465566,1.1010656273827375,80.3052404200534,80.3127884240012,119.10557018885409,-0.7481903795224096,154.10720280749652,154.10901902872158,224.28525126324172,-0.011202241217680035,1.2412646768615845,1.2413152251674806,1.8801360048261162,0.00491983013264004,1.006563240212649,1.0065752635923062,1.595190526005996,-0.0018013866781406013,1.4882009741693496,1.4882020644094556,2.3485246617801403,0.7061599583498958,0.046882816987727755,0.7077145507232638,0.8322522778412919,245.38285580721217,2,54.61714419278783
train_0168,-0.27572311152970075,100.1929280297958,100.19330741331015,148.3458999992539,0.7061940204001527,80.87079132354522,80.87387464002727,123.70141216742972,0.8424951500429538,153.94869588627432,153.95100117622624,232.08089250921506,-0.00371090020250113,1.2277438360330521,1.2277494441853627,1.840148956567506,0.0034250815898212612,0.9978524989482335,0.997858377146342,1.574188074789035,-0.006297308439424734,1.4757533677284287,1.4757668035483724,2.235558584132614,0.6995783304098113,0.05374076305572445,0.701639444439087,0.8849992975486786,252.76602408675143,2,47.23397591324857
train_0169,0.4739472048966935,100.16428536784079,100.16540664921834,146.74719329943767,1.176638002654547,80.50204589960458,80.51064445780654,118.59403045776176,1.0340112500485705,153.65191601811657,153.65539520402,229.40683841704416,0.006690498893618321,1.248611966085422,1.2486298909713593,1.9072084090502832,0.0036250203251246994,0.9980924891224874,0.9980990720439931,1.512155478961551,0.002676776550355142,1.4916107813397694,1.491613183148278,2.3028181351605905,0.7045737483631165,0.04686129250856806,0.7061304041167084,0.8164313077873555,256.3813584646786,2,43.61864153532139
train_0170,-0.008222455616786917,101.28717499370131,101.28717532744928,152.37943072942107,0.6666340212668794,81.08385070400503,81.08659103642037,122.32816105545395,-0.044639451497989535,154.18865821004528,154.18866467187138,228.4331957998963,-0.017879016852281344,1.2491346501075467,1.2492625958311996,1.9528004827410208,0.01675478642015975,1.021248191859004,1.021385623671721,1.5760378168255038,-0.0030241571313971705,1.517122199258581,1.5171252133589859,2.4080621961431508,0.7005864733732907,0.049357907236151334,0.7023230095051402,0.8416006322958884,256.968832321578,2,43.03116767842198
train_0171,0.004355227594466715,100.27660969082814,100.27660978540656,145.79075214743287,0.07909822197001137,80.47140752455027,80.4714463987753,119.14039824934892,1.7029705240788422,154.64701050022484,154.65638675871918,229.1298038210734,-0.005247993128926352,1.2583129901009664,1.25832393384562,2.0943291910418633,0.02164247819760889,1.0157551074025633,1.015985647082146,1.5671620497420318,0.000527475945039213,1.523313769969366,1.5233138612935797,2.4930102447211007,0.7136527115004971,0.04576626064354071,0.7151186917185876,0.821367243881076,259.9736141607552,2,40.026385839244824
train_0172,0.4731845969271154,101.02771203144002,101.02882015529202,149.40584804679074,0.7392423397357216,81.53534152120963,81.53869263249902,126.70541277116473,0.19236855865235708,153.54612398726226,153.54624449062268,232.21887761380108,-0.01648760501214493,1.270702998839838,1.2708099591912214,1.8978298415508341,0.012364415131499659,1.0183003743261434,1.0183754372108096,1.5597312249569721,0.007792040320775434,1.5017520230469912,1.5017722379302698,2.4266679066503145,0.718956611553735,0.04850485559748175,0.7205909590838346,0.8420395820961657,259.3113636810263,2,40.68863631897369
train_0173,-0.3592687346146789,101.37535775369362,101.3759943660877,148.76540864229392,1.008004599870142,81.14760152428003,81.15386193162156,122.14408120373183,1.1135488032546998,154.5086674633879,154.5126801018253,238.93560850754943,-0.0003056898931742755,1.2690548181957797,1.269054855013066,1.8995147673422317,-0.005119757330545052,1.0171746975205576,1.017187582106251,1.5756030703184083,-0.008114199823714141,1.5315100449123216,1.5315315399645284,2.2047607421041255,0.7209321609103927,0.04897999212428658,0.7225940909413968,0.8492619047694893,264.9886837864631,2,35.01131621353687
train_0174,-0.7533448836427313,100.81019349310822,100.81300829075397,149.560043877231,0.7276730288589592,81.18546165704225,81.18872269289625,120.86818825345696,0.8913271156667275,153.9784456642334,153.98102543235774,233.63712177345434,0.003431729348493364,1.2697647198449775,1.2697693572178042,1.8932803704359387,0.009110906467348719,1.038584831774366,1.038624793372681,1.5323846801589243,-0.00946700918219362,1.5413594205516672,1.541388493400099,2.3466422018933795,0.7236513042801582,0.045864852605749004,0.7251032994621671,0.8925837276997614,268.4972794535692,2,31.502720546430794
train_0175,-0.41689747052499293,102.20276388300263,102.20361416714047,153.4747721016315,0.5045901796199697,80.8801185056159,80.88169249423407,124.16765810406483,-0.6251711179040171,154.25651394463657,154.25778078683263,233.58531339131872,0.03180940087158148,1.2740611671127413,1.2744581968540551,1.930070863947189,-0.01087520326758723,1.0263361348340216,1.0263937508150323,1.6395686091897554,0.0064421455438893604,1.5346491580071318,1.5346626793570004,2.3734980858728036,0.7157194683240571,0.048225053865693215,0.7173423263396772,0.8377906101006891,266.33890365994534,2,33.661096340054655
train_0176,-0.22479641043136034,101.29048204648886,101.29073149423013,147.77562010591316,1.3016311901679698,80.92071347416581,80.93118133898243,119.28195604597092,0.06862293592654911,156.15927359432976,156.15928867222746,228.9515858781409,0.004198741571550448,1.278392662031037,1.2783995571673148,1.8666898179854596,0.012179156783758503,1.035251129652192,1.0353227676942602,1.6297318124999014,0.01543977754755721,1.55888746535678,1.558963924014024,2.5083763567757695,0.7314700947656532,0.04965665190946597,0.7331536555288609,0.9108483414736583,260.515075654523,2,39.484924345477
train_0177,-0.23233602982547386,101.92314801979362,101.92341282696295,149.95252969716523,0.17839442684999024,82.23764141861112,82.23783490989773,117.35635397537463,-0.49623406428618355,154.89295737293136,154.89375226902888,225.62552227162413,0.009063469262997916,1.2944268846048896,1.2944586150445296,1.9653396618575045,0.0028813141760316626,1.045534323010477,1.0455382932080284,1.6009127702500459,-0.010000367715685715,1.5557288957885904,1.5557610370960044,2.3176022776865657,0.7368208551098785,0.04890278543042611,0.7384419103407571,0.865710261898484,264.00868101755503,2,35.991318982444966
train_0178,-0.07241692111419507,102.016888036483,102.01691373913823,149.06193217669843,0.29838830304886443,82.12451228508837,82.12505436006131,126.17228318007277,0.30648986884266693,156.38154466220692,156.38184500439147,230.6141505615616,-0.007878225564035852,1.2934045539353793,1.2934285471485527,1.9808357445143567,-0.00042909029474826055,1.0315712702725095,1.0315713595142701,1.5466826206144437,-0.030309465606814287,1.5364805776592698,1.536779499222167,2.336526710300042,0.7352739840577979,0.05549935013898324,0.7373655874110727,0.8477666320703067,270.0543545132824,2,29.94564548671758
train_0179,0.17417184521072393,101.65274565064007,101.65289486357675,154.13794035250592,0.5748386055897668,81.73207648452403,81.73409793895424,124.76047768649435,-0.7353591686421472,155.9090155774421,155.9107497622726,226.11002919056642,-0.012487251379126624,1.3012784915384157,1.3013384048691947,1.915928289872495,0.027718733748167718,1.0436385280884588,1.0440065639215332,1.6488212541951235,0.0018584023212517842,1.5643602697216665,1.5643613735779955,2.5159954204741144,0.7315698733032292,0.051800013684039296,0.7334014732345235,0.8401580716361454,265.6178454254431,2,34.38215457455692
train_0180,-0.07987036567371336,102.37345602898068,102.37348718585763,150.76606750387458,-0.12136515568889217,82.36706181839108,82.36715123212453,119.98000774589782,-0.9573016164729963,156.2007779348846,156.20371139588212,224.14760782322242,-0.0029083443309380966,1.2936236096088263,1.2936268788967382,2.0065042398639843,0.0022087013521246337,1.0450125048501593,1.0450148389639582,1.7554903176342895,-0.01976199430019926,1.5734518031684879,1.5735759000800966,2.4395042460617105,0.7445265558375153,0.0515989970535869,0.7463124337998186,0.8877391280534243,271.55559530422266,2,28.444404695777337
train_0181,1.0185056779121555,102.61846350544266,102.623517801885,150.19793167318193,1.1368680357384608,82.16512315757274,82.17298785142097,122.00129798469739,0.22536060640286715,156.21007650294982,156.21023906409064,226.84646488818828,-0.010575941179107342,1.318605589612537,1.3186480013594417,1.9844500875700934,0.030419347814286672,1.0515499202692957,1.0519898153213312,1.698495891668022,0.003906649568194198,1.5740759769811299,1.5740808248688969,2.3323619492890155,0.7351543241278731,0.04891737739682211,0.7367800147230468,0.8743985044910709,273.7543098100939,2,26.2456901899061
train_0182,0.19438448512549722,101.88504282360913,101.88522825462346,154.70891786636273,1.2617665987577316,82.71214886302971,82.721772372754,119.8569458506642,0.22290991337031518,157.4130278393387,157.41318566872948,231.36618540802175,0.005352056581447662,1.3107862656370655,1.3107971920523842,2.010283915494548,0.00640908462858151,1.0624988944554803,1.0625182243542433,1.7607609157299293,-0.012609785250523808,1.579124082260506,1.5791744279398492,2.429710040757384,0.7423607089716642,0.05501782621633631,0.744396657318182,0.883003186247624,275.3929412698411,2,24.607058730158883
train_0183,0.512227593935813,103.56993075272837,103.57119741140845,153.58798434649088,0.14471558089646075,82.62577095550517,82.62589768705061,127.8437156813895,-0.8557224057370669,156.70453137639308,156.7068677969496,231.8805140882603,0.0010877011163418528,1.3219936142987703,1.3219940617644408,1.9755155166552862,0.0011704623098532652,1.060331517289606,1.0603321633052998,1.5741696275885229,0.014513890188744522,1.6284693699570345,1.628534046895143,2.398622611900145,0.7432485852868993,0.04684686740180845,0.744723498028859,0.840789686211267,279.9810938713474,2,20.01890612865259
train_0184,-0.19801761878986834,102.18226263843225,102.18245450607897,145.95703259227125,1.3729354984725601,82.70129910949287,82.7126944687499,120.95108706703881,0.49554086260361374,158.40958694194256,158.41036202175465,240.16886301980887,7.419277103674904e-05,1.3299416716036554,1.3299416736731324,1.9692389528074565,0.017130412434829462,1.063417814418477,1.0635557808844618,1.7026115377462376,0.00028000898497465565,1.60170393949488,1.6017039639703867,2.4387422432939547,0.7449769849750039,0.04852978952335624,0.7465559916132403,0.8453750552608033,275.4291759935118,2,24.57082400648818
train_0185,-0.6363364072914705,102.97171796582082,102.97368413752996,148.19285459438188,1.3425277772186024,82.24721963931174,82.25817600232689,119.69854733189216,0.1211536579239253,158.19888867809362,158.19893506971746,226.6299750264668,-0.008475507543550368,1.3459935674602752,1.3460202516576631,2.042869605759318,0.02431459461826431,1.0864293051110168,1.0867013547959978,1.6338329156700753,-0.014619640890705277,1.5964707496114756,1.596537687705743,2.463772976085237,0.7584957500945053,0.05301222549629193,0.7603460389608774,0.8943772485512892,276.8681009670169,2,23.131899032983085
train_0186,0.36354372469340535,103.9281185954037,103.92875443697025,157.3658397057333,0.8714910195559167,83.01608723943863,83.02066150750217,122.67371496545651,0.18113598634821826,158.28495029043071,158.28505393336943,238.26776006263472,-0.007625565402046303,1.3472393302158434,1.3472609109330438,2.0241498628688945,0.03126864158768982,1.0778738339687486,1.078327283296323,1.6748437551727475,-0.0034144658945428064,1.5910294131103377,1.591033076953327,2.6291011247035674,0.7560344953494614,0.048233773292740006,0.7575715511054849,0.9220886431098676,280.29952741278873,2,19.700472587211266
train_0187,-0.3805822659020347,104.01583198211321,104.01652823370104,160.28753123692331,1.0239115035004083,83.27378379018486,83.2800784191601,124.9197754768027,-0.581243736185308,159.36899272797524,159.37005266802885,234.5347125172104,-0.0007297296418691222,1.3396585332008126,1.33965873194747,1.996710214971399,0.008811964250306678,1.0887455997128743,1.0887812597616175,1.6399134572660654,0.0008759483161761283,1.6167040704060252,1.6167043077052965,2.4223382904778163,0.7578513510144214,0.04615286731157286,0.7592553966851098,0.8763896255373715,272.95403405311725,2,27.045965946882745
train_0188,0.038161300172229407,103.7586136183394,103.75862063599669,151.39001769071487,1.3439191223504472,83.2529695454355,83.26381601116196,128.3233629529525,0.7993390609632636,158.2884523519116,158.29047062567525,239.18563421100052,0.0003923160366107632,1.34022576606306,1.3402258234831879,1.909058871305177,-0.004794193488760961,1.0813378060557972,1.081348433714486,1.6392802678821583,-0.019617575845977647,1.6424959735176121,1.6426131231375334,2.6645965319417284,0.7613989052767571,0.05339456088986733,0.763268807229318,0.891155993101597,281.0301176160605,2,18.969882383939478
train_0189,0.6923569142043571,103.50444818052502,103.50676379469911,158.3116687092517,0.9497345887900885,84.06681634845557,84.07218093254214,124.89293175810838,0.7458841301996656,159.28777943852955,159.28952577490247,242.52781823658796,0.0033647186594842164,1.3635672950040778,1.3635714463629676,2.042226516181538,-0.007276154588028786,1.0759828949172459,1.0760074965259705,1.6914564085376556,-0.006093865478512289,1.6480121580563856,1.648023424681256,2.5994331352794027,0.7658876369393346,0.051958156281643034,0.7676480459303637,0.8887194692439103,277.61523707022496,2,22.384762929775036
train_0190,-0.2303779295544398,104.11937864791896,104.1196335184635,151.72400392950001,0.6513767861763364,83.26504365096145,83.26759145017996,123.44484827845311,0.46105762910178216,159.5518994361046,159.55256559455944,231.39886967160808,0.005880042395963174,1.3619068310996947,1.3619195246029006,2.0461409011238825,0.013539986078493063,1.1027513915846794,1.1028345129097805,1.7080303703558422,0.010513451560406756,1.6435027339504649,1.6435363607679525,2.4266944835062936,0.7666892306105929,0.04775353718059179,0.768174964866417,0.8689010638404562,288.278246899072,2,11.721753100928026
train_0191,0.9500473917372345,104.57817927104597,104.58249456622067,152.4864250583056,-0.546166862876188,83.84626142086762,83.84804024244443,122.58162556931462,0.8441974234301806,159.89444139520103,159.89666994147535,244.0535457194433,0.003791200122046874,1.3475071421454696,1.3475124753899002,2.063194811938527,0.012828285349386497,1.1089429985023138,1.1090171950120107,1.7180002581789884,0.011022477245402368,1.6354723797933417,1.6355095230757668,2.6548647428305405,0.7707418782503366,0.04269110586687377,0.7719232950293657,0.8782134353802579,295.02498020191604,2,4.975019798083963
train_0192,-0.3176483084449204,104.65407350449709,104.65455556989642,151.7959543447114,0.6235906569574878,83.64905051088124,83.65137486425077,126.46636137901524,-0.8215519520156672,159.17150281039073,159.17362298612193,233.7778165262166,0.002236384314348125,1.378983624957648,1.3789854383988747,2.0692856135143916,0.016266655566338856,1.1060137633713225,1.1061333775138102,1.6949962549438924,0.007210490379920442,1.6479438560814246,1.6479596305638178,2.445876327693037,0.7767736818669831,0.054249560295210525,0.7786657611796045,0.8958926356926586,295.6723979914199,2,4.327602008580072
train_0193,0.522474030602991,104.71245331161441,104.71375677364308,151.39377383144648,0.8977147620003647,83.81394218204005,83.81874966788915,127.42689715016027,-0.13399134194711648,160.64566690527263,160.64572278501387,239.87396293386695,-0.012757299137265112,1.3682966825840246,1.3683561525610664,2.0977303469376447,0.003124541509483358,1.113218597356895,1.1132229822730473,1.6000041426746652,0.005832384058034379,1.6508447633016448,1.6508550660867427,2.6193079757232165,0.7793680624552013,0.04952994504619683,0.7809403256532818,0.9056040545535677,295.92169093166103,2,4.078309068338967
train_0194,0.298310092767207,104.56456069162054,104.5649862121305,154.02840119458503,0.5273769112240582,84.16676192790784,84.16841414589923,124.59361682673153,0.21332269930434788,160.32992173506253,160.33006365041246,235.9180936484308,-0.005111482630037419,1.3825114862693075,1.3825209354368733,2.0490677316748838,0.0030513844501826315,1.107310306390231,1.1073145106902058,1.7169449165620483,0.015418710439727812,1.6745514986651509,1.6746224823264875,2.5578183394554994,0.7895074642671049,0.053929068046269756,0.7913471934074279,0.9415570512040305,289.75559016312127,2,10.24440983687873
train_0195,0.34421682889537475,105.0775507487059,105.0781145461421,155.00294234335755,0.45503235848821577,84.8715354926403,84.8727552947692,122.16228786464438,-0.8657524570289664,162.5751794001114,162.57748455519683,242.16171217213375,0.003658916727022385,1.3805404009108857,1.3805452496093,2.033452027231948,0.009351913992923528,1.1209532227530925,1.1209922327544806,1.737721939049031,-0.019001469408574778,1.6637245569037185,1.6638330616633867,2.5979015427188306,0.7901866966339005,0.048168016133617465,0.7916534426852726,0.9178084313981505,296.2732013308546,2,3.72679866914541
train_0196,0.5418135333768953,104.29427612896433,104.29568349250897,150.3608703083703,0.8086290706964545,83.89324980763222,83.89714681834988,130.35496785359288,-0.029032010362129768,159.70590830844927,159.7059109472296,239.19262861813516,-0.0025187929381726114,1.3811921500959157,1.381194446775849,2.1079221349138093,0.02507585393275961,1.114447970029308,1.1147300464026715,1.6604148012373097,-0.004236669737569226,1.695319099656956,1.69532439345163,2.7654317538320994,0.7876767347145868,0.05064405660400498,0.7893031476435041,0.906630096629257,288.75384943247496,2,11.246150567525035
train_0197,-0.0745087117138431,105.33505276483534,105.33507911668728,156.9426824179054,-0.08929055816389786,84.13294324288564,84.13299062504788,124.33857766726842,0.43130185489927153,162.1141957946203,162.114769528956,235.0634239433052,0.009367496916480925,1.3835496952080082,1.3835814067515695,2.0976551269410937,0.000837804575836514,1.1081307183395213,1.1081310350514375,1.6705921145096132,-0.00712922664287538,1.6962340398650504,1.6962490217740538,2.4875775032499923,0.7972472708824861,0.0497588452137698,0.7987985688561167,0.9286094568220504,300.65626685359103,2,0.0
train_0198,-0.44558704283833883,106.00258789751207,106.00352441679719,151.47091769928343,0.7473991851063084,85.23090303053067,85.23417998046101,124.58838700623117,-0.8746121377143212,161.2873882857822,161.28975964530457,246.89830506833727,0.010377039436912035,1.403104498936587,1.4031428715150736,2.0414398235156574,0.021973184313444378,1.1315562483360095,1.1317695719434842,1.8472349755546842,-0.0001174414146013214,1.7014329676672881,1.701432971720485,2.688865814071009,0.8010826189209087,0.043147297286221534,0.8022437607113484,0.8960545544872381,297.54759507243926,2,2.4524049275607354
train_0199,0.435376382181378,105.14725724803557,105.14815861145038,155.9087489403343,0.6758332634313449,84.58024258295256,84.58294264206621,124.29043472961898,0.5827853015135833,161.26381285035794,161.26486589999365,244.42944127456138,0.0018139891018388553,1.422735767503,1.4227369239212189,2.1875823354009296,0.010461183959397206,1.1184347578628817,1.1184836806881158,1.6941028024800566,0.005640620298276,1.673692531668369,1.6737020365524513,2.4726487771950274,0.8008738174652492,0.04626025417229703,0.8022087525185991,0.9090270409982946,295.373229365893,2,4.626770634107004
